{"stats":{"minecraft:custom":{"minecraft:interact_with_crafting_table":74,"minecraft:bell_ring":12,"minecraft:eat_cake_slice":1,"minecraft:leave_game":7,"minecraft:time_since_death":95960,"minecraft:sprint_one_cm":847083,"minecraft:damage_blocked_by_shield":1929,"minecraft:drop":92,"minecraft:talked_to_villager":1,"minecraft:play_time":361157,"minecraft:deaths":5,"minecraft:jump":5414,"minecraft:walk_on_water_one_cm":93056,"minecraft:interact_with_furnace":85,"minecraft:play_record":1,"minecraft:sleep_in_bed":14,"minecraft:waystone_activated":2,"minecraft:damage_dealt":41310,"minecraft:crouch_one_cm":112755,"minecraft:mob_kills":205,"minecraft:climb_one_cm":9325,"minecraft:walk_one_cm":1251290,"minecraft:damage_dealt_absorbed":143,"minecraft:sneak_time":37860,"minecraft:walk_under_water_one_cm":102811,"minecraft:boat_one_cm":12198,"minecraft:total_world_time":361157,"minecraft:tune_noteblock":12,"minecraft:time_since_rest":58190,"minecraft:damage_taken":6582,"minecraft:damage_absorbed":40,"minecraft:swim_one_cm":116293,"minecraft:fly_one_cm":968347,"minecraft:open_chest":179,"minecraft:fall_one_cm":130032},"minecraft:picked_up":{"gamma_beasts:thin_oak_log":3,"minecraft:iron_chestplate":1,"minecraft:wheat":5,"minecraft:chainmail_boots":3,"iceandfire:copper_sword":1,"gamma_beasts:fur":4,"minecraft:lead":1,"minecraft:diamond_sword":1,"minecraft:potion":5,"minecraft:enchanted_book":2,"iceandfire:myrmex_jungle_chitin":7,"minecraft:golden_sword":2,"iceandfire:manuscript":5,"minecraft:string":10,"minecraft:raw_copper":37,"minecraft:diamond_leggings":1,"minecraft:gold_nugget":24,"minecraft:cobbled_deepslate":1,"moonsweaponry:iron_greatsword":2,"alexsmobs:raccoon_tail":2,"minecraft:melon_slice":20,"gamma_beasts:palm_tree_planks":8,"alexsmobs:leafcutter_ant_chamber":3,"minecraft:iron_boots":2,"minecraft:furnace":13,"minecraft:tipped_arrow":4,"minecraft:golden_helmet":2,"minecraft:stick":32,"iceandfire:ghost_chest":1,"minecraft:torch":39,"minecraft:acacia_log":10,"minecraft:porkchop":22,"minecraft:pointed_dripstone":10,"minecraft:golden_chestplate":1,"minecraft:stone_sword":2,"minecraft:rotten_flesh":127,"minecraft:tropical_fish":2,"gamma_beasts:kiwi":26,"alexsmobs:emu_egg":1,"gamma_beasts:coal_nugget":36,"minecraft:iron_bars":35,"minecraft:cobblestone":137,"alexsmobs:lobster_tail":12,"minecraft:feather":17,"minecraft:cooked_beef":9,"minecraft:jungle_log":3,"minecraft:golden_leggings":1,"gamma_beasts:prehnite":12,"minecraft:potato":1,"minecraft:flint":2,"gamma_beasts:oak_leaf":7,"minecraft:lapis_lazuli":64,"minecraft:dirt":72,"minecraft:leather_boots":4,"minecraft:bone":95,"minecraft:acacia_planks":79,"iceandfire:myrmex_jungle_resin":2,"minecraft:bow":4,"minecraft:wheat_seeds":56,"minecraft:mossy_stone_bricks":11,"minecraft:stone_hoe":2,"minecraft:oak_planks":125,"minecraft:mossy_stone_brick_stairs":2,"minecraft:cooked_porkchop":2,"minecraft:oak_pressure_plate":1,"gamma_beasts:palm_tree_log":1,"minecraft:jungle_planks":9,"minecraft:melon":4,"minecraft:ink_sac":1,"alexsmobs:animal_dictionary":3,"iceandfire:myrmex_stinger":1,"minecraft:mossy_cobblestone":22,"iceandfire:chared_cobblestone":28,"gamma_beasts:thin_jungle_log":3,"minecraft:diamond":4,"minecraft:deepslate":2,"minecraft:granite":1,"moonsweaponry:wooden_greatsword":1,"minecraft:emerald":1,"alexsmobs:maggot":5,"minecraft:oak_sapling":4,"minecraft:netherrack":128,"iceandfire:raw_silver":18,"minecraft:crafting_table":20,"iceandfire:witherbone":24,"minecraft:chicken":6,"minecraft:wooden_pickaxe":4,"minecraft:chain":2,"minecraft:shield":6,"minecraft:cornflower":1,"gamma_beasts:acacia_leaf":4,"minecraft:iron_axe":2,"minecraft:compass":2,"minecraft:iron_shovel":2,"minecraft:cracked_stone_bricks":7,"iceandfire:bestiary":2,"moonsweaponry:diamond_greatsword":1,"minecraft:beef":2,"minecraft:jungle_sapling":3,"minecraft:iron_nugget":56,"minecraft:light_gray_wool":1,"minecraft:sugar_cane":3,"alexsmobs:cooked_lobster_tail":1,"minecraft:raw_iron":37,"minecraft:stone":3,"sophisticatedbackpacks:backpack":1,"minecraft:polished_blackstone_bricks":10,"alexsmobs:leafcutter_ant_pupa":3,"moonsweaponry:stone_greatsword":2,"minecraft:tnt":6,"iceandfire:silver_ingot":5,"minecraft:arrow":28,"minecraft:diamond_chestplate":1,"minecraft:nether_bricks":31,"minecraft:hay_block":5,"sophisticatedbackpacks:copper_backpack":1,"minecraft:mutton":6,"iceandfire:jungle_myrmex_cocoon":2,"minecraft:white_wool":5,"minecraft:skeleton_skull":2,"minecraft:bone_block":2,"minecraft:salmon":1,"minecraft:leather":6,"minecraft:red_mushroom":1,"minecraft:torchflower":1,"alexsmobs:cachalot_whale_tooth":3,"gamma_beasts:green_apple":25,"minecraft:oak_log":14,"minecraft:chainmail_chestplate":2,"iceandfire:ectoplasm":12,"minecraft:golden_boots":5,"minecraft:gunpowder":12,"minecraft:cobblestone_stairs":1,"minecraft:blue_bed":8,"minecraft:cooked_mutton":11,"minecraft:stone_bricks":1,"gamma_beasts:meat":2,"minecraft:iron_ingot":25,"minecraft:stone_pickaxe":2,"minecraft:cobweb":1,"minecraft:acacia_sapling":4,"minecraft:iron_sword":1,"iceandfire:chared_stone":24,"minecraft:quartz":42,"minecraft:dandelion":1,"minecraft:dripstone_block":4,"minecraft:white_bed":5,"minecraft:spider_eye":4,"minecraft:leather_helmet":1,"minecraft:stone_axe":4,"minecraft:iron_helmet":6,"minecraft:chainmail_leggings":2,"minecraft:mossy_cobblestone_stairs":1,"minecraft:warped_roots":2,"minecraft:coal":127,"minecraft:ender_pearl":5},"minecraft:mined":{"minecraft:white_bed":3,"gamma_beasts:roble_hoja_1":8,"minecraft:cobblestone_stairs":3,"alexsmobs:leafcutter_anthill":2,"minecraft:jungle_leaves":3,"minecraft:red_nether_bricks":1,"minecraft:granite":1,"minecraft:acacia_log":11,"minecraft:grass_block":9,"minecraft:infested_cobblestone":1,"minecraft:jungle_log":3,"minecraft:cracked_polished_blackstone_bricks":10,"minecraft:frosted_ice":1,"minecraft:spawner":8,"gamma_beasts:thin_jungle_log":3,"minecraft:tall_seagrass":1,"minecraft:polished_blackstone_bricks":13,"minecraft:mossy_cobblestone_stairs":8,"minecraft:iron_ore":29,"minecraft:fire":5,"minecraft:pointed_dripstone":4,"minecraft:iron_bars":20,"iceandfire:chared_cobblestone":2,"minecraft:blackstone":6,"iceandfire:myrmex_resin_jungle":1,"minecraft:torch":1,"minecraft:melon":4,"iceandfire:ghost_chest":1,"minecraft:nether_quartz_ore":43,"minecraft:cobblestone":2,"minecraft:oak_planks":2,"minecraft:wall_torch":1,"minecraft:skeleton_skull":1,"minecraft:warped_nylium":2,"minecraft:wheat":9,"minecraft:stone_brick_stairs":3,"gamma_beasts:palm_tree_log":1,"minecraft:grass":104,"minecraft:oak_log":14,"minecraft:dirt":1,"minecraft:netherrack":49,"minecraft:oak_leaves":8,"minecraft:deepslate":1,"iceandfire:silver_ore":17,"minecraft:mossy_cobblestone":14,"gamma_beasts:roblo_hoja":8,"minecraft:nether_bricks":2,"minecraft:hay_block":5,"iceandfire:jungle_myrmex_cocoon":2,"minecraft:furnace":9,"gamma_beasts:prehnite_ore":14,"minecraft:andesite":1,"minecraft:mossy_stone_brick_stairs":1,"gamma_beasts:acacia_hoja":12,"minecraft:vine":9,"minecraft:stone":125,"minecraft:bone_block":5,"minecraft:redstone_block":1,"minecraft:soul_sand":1,"minecraft:crafting_table":17,"gamma_beasts:acacia_hoja_1":4,"minecraft:cornflower":1,"minecraft:warped_roots":4,"minecraft:tall_grass":39,"minecraft:copper_ore":9,"minecraft:blue_bed":6,"minecraft:coarse_dirt":1,"minecraft:coal_ore":101,"minecraft:dripstone_block":2,"minecraft:cobweb":1,"minecraft:cracked_stone_bricks":6,"minecraft:polished_andesite":1,"minecraft:stone_bricks":4,"minecraft:mossy_stone_bricks":14,"minecraft:fern":2},"minecraft:killed":{"minecraft:cave_spider":3,"alexsmobs:lobster":4,"minecraft:spider":10,"minecraft:skeleton":20,"alexsmobs:leafcutter_ant":5,"minecraft:chicken":4,"minecraft:silverfish":1,"gamma_beasts:diamond_golem_c":1,"iceandfire:myrmex_worker":2,"minecraft:pig":9,"minecraft:zombie_villager":1,"minecraft:salmon":1,"alexsmobs:seal":1,"minecraft:iron_golem":1,"minecraft:creeper":2,"alexsmobs:warped_toad":1,"minecraft:sheep":4,"gamma_beasts:banndu_c":1,"minecraft:zombie":90,"gamma_beasts:crasu_a":1,"minecraft:stray":2,"alexsmobs:fly":2,"minecraft:cow":1,"alexsmobs:raccoon":1,"alexsmobs:emu":1,"gamma_beasts:diamond_golem_a":3,"alexsmobs:crocodile":1,"iceandfire:myrmex_soldier":2,"iceandfire:ghost":4,"minecraft:wither_skeleton":14,"fear_of_the_abyss:unknown":6},"minecraft:crafted":{"minecraft:oak_planks":56,"moonsweaponry:diamond_greatsword":1,"minecraft:cooked_mutton":3,"minecraft:iron_boots":1,"iceandfire:armor_copper_metal_chestplate":1,"gamma_beasts:prehnite_armor_helmet":1,"supertools:copperleggings":1,"minecraft:cooked_porkchop":12,"minecraft:crafting_table":6,"minecraft:wooden_pickaxe":1,"minecraft:iron_helmet":1,"minecraft:copper_ingot":37,"moonsweaponry:iron_greatsword":3,"minecraft:shield":4,"minecraft:stick":40,"minecraft:iron_pickaxe":1,"minecraft:iron_ingot":33,"minecraft:stone_sword":1,"iceandfire:silver_sword":1,"supertools:lapisboots":1,"minecraft:furnace":5,"minecraft:bone_meal":18,"iceandfire:armor_copper_metal_helmet":1,"minecraft:flint_and_steel":1,"supertools:lapischestplate":1,"gamma_beasts:prehnite_sword":1,"minecraft:stone_pickaxe":1,"supertools:copperpickaxe":1,"minecraft:wheat":45,"iceandfire:silver_ingot":17,"minecraft:iron_sword":1,"minecraft:blue_bed":1,"minecraft:stone_axe":1,"minecraft:bread":16,"minecraft:air":0,"minecraft:jungle_planks":18,"minecraft:blue_dye":1,"minecraft:oak_boat":1,"iceandfire:bestiary":1,"gamma_beasts:palm_tree_planks":4,"minecraft:iron_leggings":1,"minecraft:white_bed":1,"minecraft:acacia_planks":40,"minecraft:torch":148},"minecraft:dropped":{"minecraft:iron_sword":1,"gamma_beasts:prehnite_armor_helmet":1,"minecraft:glass_bottle":3,"minecraft:diamond":1,"minecraft:cooked_porkchop":5,"minecraft:leather_helmet":1,"minecraft:flint":1,"minecraft:dirt":36,"alexsmobs:raccoon_tail":2,"minecraft:pointed_dripstone":5,"minecraft:rotten_flesh":42,"gamma_beasts:kiwi":4,"minecraft:cooked_mutton":3,"minecraft:white_bed":2,"moonsweaponry:diamond_greatsword":1,"iceandfire:ghost_chest":1,"minecraft:leather_boots":5,"iceandfire:bestiary":2,"minecraft:chainmail_boots":2,"minecraft:iron_bars":30,"minecraft:torchflower":1,"minecraft:golden_boots":2,"minecraft:wheat_seeds":17,"gamma_beasts:oak_leaf":7,"minecraft:feather":1,"minecraft:iron_helmet":5,"iceandfire:armor_copper_metal_chestplate":1,"minecraft:lead":1,"minecraft:stick":6,"minecraft:ink_sac":1,"minecraft:torch":64,"iceandfire:silver_sword":1,"minecraft:melon_slice":9,"minecraft:potion":1,"minecraft:chainmail_leggings":2,"minecraft:acacia_planks":25,"minecraft:furnace":2,"minecraft:deepslate":2,"minecraft:iron_boots":3,"sophisticatedbackpacks:backpack":1,"iceandfire:armor_copper_metal_helmet":1,"minecraft:nether_bricks":30,"gamma_beasts:green_apple":1,"minecraft:shield":7,"iceandfire:copper_sword":1,"iceandfire:chared_cobblestone":1,"minecraft:iron_chestplate":3,"minecraft:golden_leggings":1,"moonsweaponry:stone_greatsword":1},"minecraft:used":{"alexsmobs:emu_egg":1,"minecraft:melon":4,"minecraft:shield":115,"minecraft:iron_sword":166,"minecraft:rotten_flesh":102,"supertools:copperpickaxe":116,"minecraft:carrot":2,"minecraft:music_disc_13":1,"alexsmobs:cooked_lobster_tail":3,"minecraft:iron_helmet":1,"minecraft:stone_bricks":54,"minecraft:golden_sword":20,"minecraft:bow":40,"minecraft:furnace":11,"minecraft:oak_sapling":1,"minecraft:potato":2,"minecraft:golden_boots":1,"minecraft:mossy_stone_bricks":5,"minecraft:oak_planks":17,"minecraft:stone_pickaxe":146,"minecraft:wooden_pickaxe":60,"minecraft:mossy_stone_brick_stairs":1,"minecraft:sugar_cane":2,"minecraft:blue_bed":7,"minecraft:golden_apple":1,"gamma_beasts:kiwi":10,"moonsweaponry:wooden_greatsword":57,"iceandfire:armor_copper_metal_chestplate":1,"minecraft:melon_slice":11,"minecraft:bread":29,"minecraft:oak_pressure_plate":1,"iceandfire:chared_cobblestone":13,"minecraft:diamond_sword":164,"minecraft:oak_boat":1,"minecraft:golden_pickaxe":132,"minecraft:stone_sword":162,"minecraft:flint_and_steel":19,"gamma_beasts:green_apple":24,"minecraft:netherrack":102,"minecraft:torch":135,"minecraft:dirt":6,"minecraft:chainmail_chestplate":1,"minecraft:granite":1,"alexsmobs:maggot":5,"moonsweaponry:iron_greatsword":649,"moonsweaponry:stone_greatsword":2,"minecraft:beef":2,"minecraft:cooked_beef":1,"minecraft:cooked_mutton":14,"minecraft:cobblestone_stairs":1,"supertools:copperleggings":1,"gamma_beasts:prehnite_sword":26,"minecraft:leather_boots":1,"minecraft:polished_blackstone_bricks":5,"minecraft:cracked_stone_bricks":2,"minecraft:tnt":3,"minecraft:crafting_table":19,"minecraft:white_bed":2,"minecraft:chicken":3,"minecraft:iron_pickaxe":87,"minecraft:stone_axe":13,"minecraft:cobblestone":11,"minecraft:potion":3,"minecraft:porkchop":4,"minecraft:cooked_porkchop":8,"alexsmobs:animal_dictionary":3,"minecraft:dandelion":1},"minecraft:broken":{"moonsweaponry:iron_greatsword":2,"minecraft:golden_helmet":1,"minecraft:chainmail_chestplate":2,"minecraft:diamond_sword":1,"minecraft:golden_chestplate":1},"minecraft:killed_by":{"minecraft:piglin_brute":1,"minecraft:zombie":1,"iceandfire:fire_dragon":1,"gamma_beasts:dogishi_a":1,"iceandfire:ghost":1}},"DataVersion":3465}