{"stats":{"minecraft:custom":{"minecraft:mob_kills":64,"minecraft:interact_with_crafting_table":56,"minecraft:leave_game":4,"minecraft:time_since_death":114022,"minecraft:climb_one_cm":2689,"minecraft:sprint_one_cm":316232,"minecraft:walk_one_cm":636872,"minecraft:damage_blocked_by_shield":750,"minecraft:drop":24,"minecraft:damage_dealt_absorbed":143,"minecraft:play_time":166752,"minecraft:deaths":2,"minecraft:sneak_time":10374,"minecraft:walk_under_water_one_cm":20345,"minecraft:boat_one_cm":12198,"minecraft:jump":3090,"minecraft:walk_on_water_one_cm":28895,"minecraft:total_world_time":166752,"minecraft:interact_with_furnace":72,"minecraft:sleep_in_bed":11,"minecraft:time_since_rest":14087,"minecraft:waystone_activated":1,"minecraft:damage_taken":2402,"minecraft:damage_dealt":10989,"minecraft:swim_one_cm":29564,"minecraft:fly_one_cm":535475,"minecraft:open_chest":16,"minecraft:crouch_one_cm":33565,"minecraft:fall_one_cm":75882},"minecraft:picked_up":{"minecraft:crafting_table":14,"iceandfire:copper_sword":1,"minecraft:chicken":4,"minecraft:wooden_pickaxe":2,"iceandfire:myrmex_jungle_chitin":7,"minecraft:chain":2,"minecraft:golden_sword":2,"minecraft:shield":1,"minecraft:cornflower":1,"iceandfire:manuscript":5,"minecraft:string":5,"minecraft:raw_copper":37,"gamma_beasts:acacia_leaf":4,"iceandfire:bestiary":2,"minecraft:cracked_stone_bricks":1,"minecraft:gold_nugget":24,"minecraft:jungle_sapling":3,"minecraft:iron_nugget":56,"alexsmobs:raccoon_tail":2,"minecraft:light_gray_wool":1,"minecraft:melon_slice":18,"minecraft:sugar_cane":1,"alexsmobs:cooked_lobster_tail":1,"gamma_beasts:palm_tree_planks":8,"alexsmobs:leafcutter_ant_chamber":3,"minecraft:furnace":8,"minecraft:raw_iron":23,"minecraft:stick":10,"minecraft:torch":3,"minecraft:acacia_log":10,"sophisticatedbackpacks:backpack":1,"minecraft:porkchop":20,"alexsmobs:leafcutter_ant_pupa":3,"minecraft:stone_sword":2,"iceandfire:silver_ingot":5,"minecraft:arrow":10,"minecraft:rotten_flesh":16,"minecraft:tropical_fish":2,"gamma_beasts:kiwi":26,"alexsmobs:emu_egg":1,"gamma_beasts:coal_nugget":27,"sophisticatedbackpacks:copper_backpack":1,"minecraft:mutton":6,"iceandfire:jungle_myrmex_cocoon":2,"minecraft:skeleton_skull":2,"minecraft:white_wool":5,"alexsmobs:lobster_tail":12,"minecraft:bone_block":2,"minecraft:cobblestone":114,"minecraft:feather":16,"minecraft:jungle_log":3,"minecraft:salmon":1,"minecraft:leather":6,"minecraft:red_mushroom":1,"gamma_beasts:prehnite":12,"alexsmobs:cachalot_whale_tooth":3,"minecraft:oak_log":13,"iceandfire:ectoplasm":12,"minecraft:golden_boots":2,"minecraft:lapis_lazuli":22,"minecraft:blue_bed":8,"minecraft:dirt":35,"minecraft:cooked_mutton":6,"minecraft:bone":21,"minecraft:acacia_planks":79,"minecraft:stone_bricks":1,"iceandfire:myrmex_jungle_resin":2,"gamma_beasts:meat":2,"minecraft:wheat_seeds":39,"minecraft:iron_ingot":17,"minecraft:stone_pickaxe":2,"minecraft:cobweb":1,"minecraft:oak_planks":32,"minecraft:acacia_sapling":4,"minecraft:cooked_porkchop":2,"minecraft:quartz":42,"gamma_beasts:palm_tree_log":1,"minecraft:jungle_planks":9,"minecraft:melon":4,"minecraft:white_bed":2,"iceandfire:myrmex_stinger":1,"minecraft:spider_eye":4,"alexsmobs:animal_dictionary":3,"gamma_beasts:thin_jungle_log":3,"minecraft:diamond":1,"minecraft:stone_axe":2,"minecraft:iron_helmet":1,"minecraft:granite":1,"minecraft:warped_roots":2,"minecraft:emerald":1,"alexsmobs:maggot":2,"minecraft:oak_sapling":4,"minecraft:netherrack":43,"minecraft:coal":77,"iceandfire:raw_silver":18},"minecraft:mined":{"iceandfire:silver_ore":17,"minecraft:cobblestone_stairs":2,"alexsmobs:leafcutter_anthill":2,"minecraft:jungle_leaves":3,"minecraft:granite":1,"minecraft:acacia_log":11,"minecraft:grass_block":7,"minecraft:infested_cobblestone":1,"minecraft:jungle_log":3,"minecraft:frosted_ice":1,"gamma_beasts:thin_jungle_log":3,"iceandfire:jungle_myrmex_cocoon":2,"minecraft:furnace":6,"minecraft:iron_ore":19,"minecraft:fire":3,"gamma_beasts:prehnite_ore":14,"gamma_beasts:acacia_hoja":12,"minecraft:vine":2,"minecraft:stone":101,"minecraft:bone_block":5,"iceandfire:myrmex_resin_jungle":1,"gamma_beasts:acacia_hoja_1":4,"minecraft:crafting_table":11,"minecraft:cornflower":1,"minecraft:torch":1,"minecraft:melon":4,"minecraft:warped_roots":4,"iceandfire:ghost_chest":1,"minecraft:nether_quartz_ore":43,"minecraft:copper_ore":9,"minecraft:tall_grass":32,"minecraft:cobblestone":2,"minecraft:blue_bed":6,"minecraft:skeleton_skull":1,"minecraft:warped_nylium":2,"minecraft:coarse_dirt":1,"gamma_beasts:palm_tree_log":1,"minecraft:grass":94,"minecraft:oak_log":13,"minecraft:coal_ore":71,"minecraft:dirt":1,"minecraft:cobweb":1,"minecraft:cracked_stone_bricks":1,"minecraft:stone_bricks":4,"minecraft:netherrack":48,"minecraft:oak_leaves":8,"minecraft:fern":2},"minecraft:dropped":{"gamma_beasts:prehnite_armor_helmet":1,"minecraft:cooked_porkchop":5,"iceandfire:armor_copper_metal_chestplate":1,"iceandfire:silver_sword":1,"minecraft:melon_slice":9,"alexsmobs:raccoon_tail":2,"minecraft:acacia_planks":25,"minecraft:furnace":2,"minecraft:rotten_flesh":2,"minecraft:iron_boots":1,"sophisticatedbackpacks:backpack":1,"gamma_beasts:kiwi":4,"iceandfire:armor_copper_metal_helmet":1,"minecraft:cooked_mutton":3,"minecraft:white_bed":2,"minecraft:shield":3,"iceandfire:copper_sword":1,"iceandfire:bestiary":2},"minecraft:killed":{"alexsmobs:lobster":4,"alexsmobs:raccoon":1,"minecraft:spider":3,"minecraft:skeleton":6,"alexsmobs:leafcutter_ant":5,"minecraft:chicken":4,"minecraft:silverfish":1,"iceandfire:myrmex_worker":2,"minecraft:pig":9,"minecraft:salmon":1,"alexsmobs:seal":1,"minecraft:creeper":1,"alexsmobs:emu":1,"alexsmobs:warped_toad":1,"minecraft:sheep":4,"gamma_beasts:banndu_c":1,"iceandfire:myrmex_soldier":2,"minecraft:zombie":5,"iceandfire:ghost":4,"alexsmobs:fly":1,"fear_of_the_abyss:unknown":6},"minecraft:crafted":{"minecraft:oak_planks":52,"supertools:lapisboots":1,"minecraft:furnace":4,"minecraft:bone_meal":18,"minecraft:cooked_mutton":3,"iceandfire:armor_copper_metal_helmet":1,"supertools:lapischestplate":1,"gamma_beasts:prehnite_sword":1,"minecraft:iron_boots":1,"iceandfire:armor_copper_metal_chestplate":1,"minecraft:stone_pickaxe":1,"gamma_beasts:prehnite_armor_helmet":1,"supertools:copperpickaxe":1,"supertools:copperleggings":1,"iceandfire:silver_ingot":17,"minecraft:cooked_porkchop":12,"minecraft:crafting_table":1,"minecraft:wooden_pickaxe":1,"minecraft:iron_sword":1,"minecraft:blue_bed":1,"minecraft:copper_ingot":37,"moonsweaponry:iron_greatsword":1,"minecraft:stone_axe":1,"minecraft:air":0,"minecraft:jungle_planks":18,"minecraft:blue_dye":1,"minecraft:oak_boat":1,"iceandfire:bestiary":1,"gamma_beasts:palm_tree_planks":4,"minecraft:shield":3,"minecraft:stick":16,"minecraft:iron_ingot":22,"minecraft:stone_sword":1,"minecraft:iron_leggings":1,"minecraft:white_bed":1,"minecraft:acacia_planks":40,"minecraft:torch":12,"iceandfire:silver_sword":1},"minecraft:used":{"alexsmobs:emu_egg":1,"minecraft:stone_sword":162,"minecraft:melon":4,"minecraft:shield":60,"minecraft:iron_sword":55,"minecraft:rotten_flesh":15,"minecraft:torch":13,"minecraft:dirt":5,"supertools:copperpickaxe":116,"minecraft:granite":1,"alexsmobs:maggot":2,"alexsmobs:cooked_lobster_tail":3,"moonsweaponry:iron_greatsword":118,"minecraft:golden_sword":20,"minecraft:furnace":8,"minecraft:oak_sapling":1,"minecraft:golden_boots":1,"minecraft:cooked_mutton":6,"supertools:copperleggings":1,"minecraft:stone_pickaxe":104,"minecraft:wooden_pickaxe":29,"gamma_beasts:prehnite_sword":17,"minecraft:blue_bed":7,"minecraft:cracked_stone_bricks":1,"minecraft:crafting_table":10,"gamma_beasts:kiwi":10,"iceandfire:armor_copper_metal_chestplate":1,"minecraft:bread":10,"minecraft:chicken":3,"minecraft:melon_slice":9,"minecraft:stone_axe":13,"minecraft:cobblestone":8,"minecraft:cooked_porkchop":7,"minecraft:porkchop":2,"alexsmobs:animal_dictionary":3,"minecraft:oak_boat":1,"minecraft:golden_pickaxe":103},"minecraft:killed_by":{"gamma_beasts:dogishi_a":1,"iceandfire:ghost":1}},"DataVersion":3465}