{"stats":{"minecraft:custom":{"minecraft:interact_with_crafting_table":68,"minecraft:bell_ring":12,"minecraft:leave_game":5,"minecraft:time_since_death":450,"minecraft:sprint_one_cm":548667,"minecraft:damage_blocked_by_shield":1749,"minecraft:drop":56,"minecraft:talked_to_villager":1,"minecraft:play_time":265647,"minecraft:deaths":5,"minecraft:jump":3916,"minecraft:walk_on_water_one_cm":43068,"minecraft:interact_with_furnace":79,"minecraft:play_record":1,"minecraft:sleep_in_bed":12,"minecraft:waystone_activated":2,"minecraft:damage_dealt":28848,"minecraft:crouch_one_cm":101318,"minecraft:mob_kills":160,"minecraft:climb_one_cm":7272,"minecraft:walk_one_cm":948139,"minecraft:damage_dealt_absorbed":143,"minecraft:sneak_time":33823,"minecraft:walk_under_water_one_cm":46250,"minecraft:boat_one_cm":12198,"minecraft:total_world_time":265647,"minecraft:tune_noteblock":12,"minecraft:time_since_rest":557,"minecraft:damage_taken":4903,"minecraft:damage_absorbed":40,"minecraft:swim_one_cm":52452,"minecraft:fly_one_cm":660578,"minecraft:open_chest":83,"minecraft:fall_one_cm":92562},"minecraft:picked_up":{"minecraft:iron_chestplate":1,"minecraft:chainmail_boots":2,"iceandfire:copper_sword":1,"gamma_beasts:fur":2,"minecraft:lead":1,"minecraft:diamond_sword":1,"minecraft:potion":3,"minecraft:enchanted_book":1,"iceandfire:myrmex_jungle_chitin":7,"minecraft:golden_sword":2,"iceandfire:manuscript":5,"minecraft:string":9,"minecraft:raw_copper":37,"minecraft:gold_nugget":24,"moonsweaponry:iron_greatsword":1,"alexsmobs:raccoon_tail":2,"minecraft:melon_slice":20,"gamma_beasts:palm_tree_planks":8,"alexsmobs:leafcutter_ant_chamber":3,"minecraft:furnace":10,"minecraft:golden_helmet":2,"minecraft:tipped_arrow":2,"minecraft:stick":26,"minecraft:torch":29,"minecraft:acacia_log":10,"minecraft:porkchop":22,"minecraft:pointed_dripstone":10,"minecraft:golden_chestplate":1,"minecraft:stone_sword":2,"minecraft:rotten_flesh":76,"minecraft:tropical_fish":2,"gamma_beasts:kiwi":26,"alexsmobs:emu_egg":1,"gamma_beasts:coal_nugget":27,"minecraft:iron_bars":5,"alexsmobs:lobster_tail":12,"minecraft:cobblestone":131,"minecraft:feather":16,"minecraft:jungle_log":3,"minecraft:golden_leggings":1,"gamma_beasts:prehnite":12,"minecraft:potato":1,"minecraft:lapis_lazuli":43,"minecraft:dirt":35,"minecraft:leather_boots":4,"minecraft:bone":60,"minecraft:acacia_planks":79,"iceandfire:myrmex_jungle_resin":2,"minecraft:bow":3,"minecraft:wheat_seeds":39,"minecraft:mossy_stone_bricks":8,"minecraft:oak_planks":95,"minecraft:stone_hoe":1,"minecraft:mossy_stone_brick_stairs":1,"minecraft:cooked_porkchop":2,"gamma_beasts:palm_tree_log":1,"minecraft:jungle_planks":9,"minecraft:melon":4,"alexsmobs:animal_dictionary":3,"iceandfire:myrmex_stinger":1,"minecraft:mossy_cobblestone":12,"iceandfire:chared_cobblestone":14,"gamma_beasts:thin_jungle_log":3,"minecraft:diamond":1,"minecraft:granite":1,"moonsweaponry:wooden_greatsword":1,"minecraft:emerald":1,"alexsmobs:maggot":2,"minecraft:oak_sapling":4,"minecraft:netherrack":128,"iceandfire:raw_silver":18,"minecraft:crafting_table":17,"minecraft:chicken":6,"iceandfire:witherbone":12,"minecraft:wooden_pickaxe":4,"minecraft:chain":2,"minecraft:shield":5,"minecraft:cornflower":1,"gamma_beasts:acacia_leaf":4,"minecraft:iron_axe":1,"minecraft:compass":1,"minecraft:iron_shovel":1,"iceandfire:bestiary":2,"minecraft:cracked_stone_bricks":7,"moonsweaponry:diamond_greatsword":1,"minecraft:jungle_sapling":3,"minecraft:iron_nugget":56,"minecraft:light_gray_wool":1,"minecraft:sugar_cane":1,"alexsmobs:cooked_lobster_tail":1,"minecraft:raw_iron":35,"minecraft:stone":2,"sophisticatedbackpacks:backpack":1,"minecraft:polished_blackstone_bricks":10,"alexsmobs:leafcutter_ant_pupa":3,"moonsweaponry:stone_greatsword":2,"minecraft:tnt":3,"iceandfire:silver_ingot":5,"minecraft:arrow":23,"minecraft:nether_bricks":1,"minecraft:hay_block":5,"sophisticatedbackpacks:copper_backpack":1,"minecraft:mutton":6,"iceandfire:jungle_myrmex_cocoon":2,"minecraft:white_wool":5,"minecraft:skeleton_skull":2,"minecraft:bone_block":2,"minecraft:salmon":1,"minecraft:leather":6,"minecraft:red_mushroom":1,"minecraft:torchflower":1,"alexsmobs:cachalot_whale_tooth":3,"minecraft:oak_log":14,"minecraft:chainmail_chestplate":2,"iceandfire:ectoplasm":12,"minecraft:golden_boots":5,"minecraft:gunpowder":6,"minecraft:cobblestone_stairs":1,"minecraft:blue_bed":8,"minecraft:cooked_mutton":11,"minecraft:stone_bricks":1,"gamma_beasts:meat":2,"minecraft:iron_ingot":18,"minecraft:stone_pickaxe":2,"minecraft:cobweb":1,"minecraft:acacia_sapling":4,"minecraft:iron_sword":1,"iceandfire:chared_stone":12,"minecraft:quartz":42,"minecraft:dripstone_block":4,"minecraft:white_bed":2,"minecraft:spider_eye":4,"minecraft:leather_helmet":1,"minecraft:stone_axe":3,"minecraft:iron_helmet":2,"minecraft:chainmail_leggings":2,"minecraft:mossy_cobblestone_stairs":1,"minecraft:warped_roots":2,"minecraft:coal":86,"minecraft:ender_pearl":2},"minecraft:mined":{"minecraft:cobblestone_stairs":3,"alexsmobs:leafcutter_anthill":2,"minecraft:jungle_leaves":3,"minecraft:red_nether_bricks":1,"minecraft:granite":1,"minecraft:acacia_log":11,"minecraft:grass_block":7,"minecraft:infested_cobblestone":1,"minecraft:jungle_log":3,"minecraft:cracked_polished_blackstone_bricks":10,"minecraft:frosted_ice":1,"gamma_beasts:thin_jungle_log":3,"minecraft:polished_blackstone_bricks":13,"minecraft:mossy_cobblestone_stairs":1,"minecraft:fire":3,"minecraft:iron_ore":29,"minecraft:pointed_dripstone":4,"minecraft:iron_bars":7,"iceandfire:chared_cobblestone":2,"minecraft:blackstone":6,"iceandfire:myrmex_resin_jungle":1,"minecraft:torch":1,"minecraft:melon":4,"iceandfire:ghost_chest":1,"minecraft:nether_quartz_ore":43,"minecraft:cobblestone":2,"minecraft:oak_planks":2,"minecraft:skeleton_skull":1,"minecraft:warped_nylium":2,"gamma_beasts:palm_tree_log":1,"minecraft:grass":97,"minecraft:oak_log":14,"minecraft:dirt":1,"minecraft:netherrack":48,"minecraft:oak_leaves":8,"iceandfire:silver_ore":17,"minecraft:mossy_cobblestone":8,"minecraft:nether_bricks":1,"minecraft:hay_block":5,"iceandfire:jungle_myrmex_cocoon":2,"minecraft:furnace":7,"gamma_beasts:prehnite_ore":14,"gamma_beasts:acacia_hoja":12,"minecraft:vine":8,"minecraft:stone":119,"minecraft:bone_block":5,"minecraft:redstone_block":1,"gamma_beasts:acacia_hoja_1":4,"minecraft:crafting_table":14,"minecraft:cornflower":1,"minecraft:warped_roots":4,"minecraft:tall_grass":33,"minecraft:copper_ore":9,"minecraft:blue_bed":6,"minecraft:coarse_dirt":1,"minecraft:coal_ore":72,"minecraft:dripstone_block":2,"minecraft:cobweb":1,"minecraft:cracked_stone_bricks":4,"minecraft:stone_bricks":4,"minecraft:mossy_stone_bricks":10,"minecraft:fern":2},"minecraft:killed":{"alexsmobs:lobster":4,"minecraft:cave_spider":2,"minecraft:spider":4,"minecraft:skeleton":13,"alexsmobs:leafcutter_ant":5,"minecraft:chicken":4,"minecraft:silverfish":1,"iceandfire:myrmex_worker":2,"minecraft:pig":9,"minecraft:salmon":1,"alexsmobs:seal":1,"minecraft:creeper":2,"alexsmobs:warped_toad":1,"minecraft:sheep":4,"gamma_beasts:banndu_c":1,"minecraft:zombie":72,"minecraft:stray":1,"alexsmobs:fly":1,"alexsmobs:raccoon":1,"alexsmobs:emu":1,"gamma_beasts:diamond_golem_a":1,"iceandfire:myrmex_soldier":2,"iceandfire:ghost":4,"minecraft:wither_skeleton":14,"fear_of_the_abyss:unknown":6},"minecraft:crafted":{"minecraft:oak_planks":56,"minecraft:cooked_mutton":3,"minecraft:iron_boots":1,"iceandfire:armor_copper_metal_chestplate":1,"gamma_beasts:prehnite_armor_helmet":1,"supertools:copperleggings":1,"minecraft:cooked_porkchop":12,"minecraft:crafting_table":4,"minecraft:wooden_pickaxe":1,"minecraft:iron_helmet":1,"minecraft:copper_ingot":37,"moonsweaponry:iron_greatsword":3,"minecraft:shield":4,"minecraft:stick":36,"minecraft:iron_ingot":31,"minecraft:stone_sword":1,"iceandfire:silver_sword":1,"supertools:lapisboots":1,"minecraft:furnace":5,"minecraft:bone_meal":18,"iceandfire:armor_copper_metal_helmet":1,"supertools:lapischestplate":1,"gamma_beasts:prehnite_sword":1,"minecraft:stone_pickaxe":1,"supertools:copperpickaxe":1,"minecraft:wheat":45,"iceandfire:silver_ingot":17,"minecraft:iron_sword":1,"minecraft:blue_bed":1,"minecraft:stone_axe":1,"minecraft:bread":15,"minecraft:air":0,"minecraft:jungle_planks":18,"minecraft:blue_dye":1,"minecraft:oak_boat":1,"iceandfire:bestiary":1,"gamma_beasts:palm_tree_planks":4,"minecraft:iron_leggings":1,"minecraft:white_bed":1,"minecraft:acacia_planks":40,"minecraft:torch":80},"minecraft:dropped":{"minecraft:iron_sword":1,"gamma_beasts:prehnite_armor_helmet":1,"minecraft:glass_bottle":2,"minecraft:cooked_porkchop":5,"minecraft:leather_helmet":1,"alexsmobs:raccoon_tail":2,"minecraft:pointed_dripstone":5,"minecraft:rotten_flesh":32,"gamma_beasts:kiwi":4,"minecraft:cooked_mutton":3,"minecraft:white_bed":2,"moonsweaponry:diamond_greatsword":1,"minecraft:leather_boots":5,"iceandfire:bestiary":2,"minecraft:chainmail_boots":1,"minecraft:golden_boots":2,"minecraft:torchflower":1,"iceandfire:armor_copper_metal_chestplate":1,"minecraft:iron_helmet":1,"minecraft:lead":1,"iceandfire:silver_sword":1,"minecraft:melon_slice":9,"minecraft:chainmail_leggings":2,"minecraft:acacia_planks":25,"minecraft:furnace":2,"minecraft:iron_boots":2,"sophisticatedbackpacks:backpack":1,"iceandfire:armor_copper_metal_helmet":1,"minecraft:shield":5,"iceandfire:copper_sword":1,"minecraft:iron_chestplate":2,"minecraft:golden_leggings":1,"moonsweaponry:stone_greatsword":1},"minecraft:used":{"alexsmobs:emu_egg":1,"minecraft:melon":4,"minecraft:shield":109,"minecraft:iron_sword":56,"minecraft:rotten_flesh":56,"supertools:copperpickaxe":116,"minecraft:carrot":2,"minecraft:music_disc_13":1,"alexsmobs:cooked_lobster_tail":3,"minecraft:iron_helmet":1,"minecraft:stone_bricks":54,"minecraft:golden_sword":20,"minecraft:bow":39,"minecraft:furnace":9,"minecraft:oak_sapling":1,"minecraft:potato":2,"minecraft:golden_boots":1,"minecraft:mossy_stone_bricks":2,"minecraft:stone_pickaxe":146,"minecraft:oak_planks":17,"minecraft:wooden_pickaxe":60,"minecraft:blue_bed":7,"minecraft:golden_apple":1,"gamma_beasts:kiwi":10,"moonsweaponry:wooden_greatsword":57,"iceandfire:armor_copper_metal_chestplate":1,"minecraft:melon_slice":11,"minecraft:bread":25,"minecraft:diamond_sword":164,"minecraft:oak_boat":1,"minecraft:golden_pickaxe":132,"minecraft:stone_sword":162,"minecraft:netherrack":102,"minecraft:torch":114,"minecraft:dirt":5,"minecraft:chainmail_chestplate":1,"minecraft:granite":1,"alexsmobs:maggot":2,"moonsweaponry:iron_greatsword":420,"moonsweaponry:stone_greatsword":2,"minecraft:cooked_mutton":11,"minecraft:cobblestone_stairs":1,"supertools:copperleggings":1,"gamma_beasts:prehnite_sword":26,"minecraft:leather_boots":1,"minecraft:polished_blackstone_bricks":5,"minecraft:cracked_stone_bricks":2,"minecraft:crafting_table":15,"minecraft:chicken":3,"minecraft:stone_axe":13,"minecraft:cobblestone":8,"minecraft:potion":2,"minecraft:cooked_porkchop":7,"minecraft:porkchop":4,"alexsmobs:animal_dictionary":3},"minecraft:broken":{"moonsweaponry:iron_greatsword":1,"minecraft:golden_helmet":1,"minecraft:chainmail_chestplate":2,"minecraft:diamond_sword":1,"minecraft:golden_chestplate":1},"minecraft:killed_by":{"minecraft:piglin_brute":1,"minecraft:zombie":1,"iceandfire:fire_dragon":1,"gamma_beasts:dogishi_a":1,"iceandfire:ghost":1}},"DataVersion":3465}