{"stats":{"minecraft:picked_up":{"minecraft:wheat_seeds":1,"minecraft:acacia_log":6,"minecraft:acacia_sapling":2,"minecraft:cobblestone":6},"minecraft:crafted":{"minecraft:acacia_planks":24,"minecraft:stick":4,"minecraft:wooden_pickaxe":1},"minecraft:mined":{"minecraft:grass":17,"minecraft:acacia_log":6,"minecraft:tall_grass":3,"minecraft:stone":9},"minecraft:used":{"minecraft:cobblestone":3,"minecraft:wooden_pickaxe":9},"minecraft:custom":{"minecraft:time_since_rest":8511,"minecraft:crouch_one_cm":740,"minecraft:sprint_one_cm":5307,"minecraft:play_time":8511,"minecraft:walk_one_cm":14189,"minecraft:sneak_time":749,"minecraft:jump":78,"minecraft:leave_game":3,"minecraft:time_since_death":8511,"minecraft:total_world_time":8511,"minecraft:interact_with_crafting_table":1,"minecraft:fall_one_cm":687,"minecraft:fly_one_cm":8148}},"DataVersion":3465}