{"stats":{"minecraft:picked_up":{"gamma_beasts:thin_oak_log":3,"minecraft:iron_chestplate":1,"minecraft:wheat":5,"minecraft:chainmail_boots":3,"iceandfire:copper_sword":1,"gamma_beasts:fur":4,"minecraft:lead":1,"minecraft:diamond_sword":1,"minecraft:potion":5,"minecraft:enchanted_book":2,"iceandfire:myrmex_jungle_chitin":7,"minecraft:golden_sword":2,"iceandfire:manuscript":5,"minecraft:string":10,"minecraft:raw_copper":37,"minecraft:diamond_leggings":1,"minecraft:gold_nugget":43,"minecraft:cobbled_deepslate":1,"moonsweaponry:iron_greatsword":2,"alexsmobs:raccoon_tail":2,"minecraft:melon_slice":20,"minecraft:furnace":13,"gamma_beasts:palm_tree_planks":8,"minecraft:iron_boots":2,"alexsmobs:leafcutter_ant_chamber":3,"minecraft:tipped_arrow":4,"minecraft:golden_helmet":2,"gamma_beasts:strawberry":9,"minecraft:stick":32,"iceandfire:ghost_chest":1,"minecraft:torch":41,"minecraft:acacia_log":10,"minecraft:porkchop":22,"minecraft:pointed_dripstone":10,"minecraft:golden_chestplate":1,"minecraft:stone_sword":2,"minecraft:rotten_flesh":134,"minecraft:tropical_fish":2,"gamma_beasts:kiwi":32,"minecraft:polished_basalt":1,"alexsmobs:emu_egg":1,"gamma_beasts:coal_nugget":36,"minecraft:obsidian":3,"minecraft:iron_bars":43,"minecraft:cobblestone":137,"alexsmobs:lobster_tail":12,"gamma_beasts:pear":15,"minecraft:feather":17,"minecraft:cooked_beef":9,"minecraft:jungle_log":3,"minecraft:golden_leggings":1,"gamma_beasts:prehnite":12,"minecraft:potato":1,"minecraft:flint":2,"gamma_beasts:oak_leaf":35,"minecraft:lapis_lazuli":64,"minecraft:dirt":72,"minecraft:leather_boots":4,"minecraft:bone":103,"minecraft:acacia_planks":79,"iceandfire:myrmex_jungle_resin":2,"minecraft:bow":4,"minecraft:wheat_seeds":56,"minecraft:mossy_stone_bricks":11,"minecraft:stone_hoe":2,"minecraft:oak_planks":125,"minecraft:mossy_stone_brick_stairs":2,"minecraft:cooked_porkchop":2,"minecraft:oak_pressure_plate":1,"gamma_beasts:palm_tree_log":1,"minecraft:jungle_planks":9,"minecraft:melon":4,"minecraft:ink_sac":1,"alexsmobs:animal_dictionary":3,"iceandfire:myrmex_stinger":1,"minecraft:mossy_cobblestone":22,"iceandfire:chared_cobblestone":28,"gamma_beasts:thin_jungle_log":3,"minecraft:diamond":4,"minecraft:deepslate":2,"minecraft:cracked_polished_blackstone_bricks":17,"minecraft:granite":1,"moonsweaponry:wooden_greatsword":1,"minecraft:emerald":1,"minecraft:bread":4,"alexsmobs:maggot":7,"minecraft:oak_sapling":4,"minecraft:netherrack":297,"iceandfire:raw_silver":18,"minecraft:crafting_table":21,"iceandfire:witherbone":24,"minecraft:chicken":6,"minecraft:wooden_pickaxe":4,"minecraft:gold_block":1,"gamma_beasts:birch_leaf":2,"minecraft:chain":2,"minecraft:shield":6,"minecraft:cornflower":1,"minecraft:iron_axe":2,"gamma_beasts:acacia_leaf":4,"minecraft:flint_and_steel":1,"minecraft:netherite_scrap":1,"minecraft:compass":2,"minecraft:iron_shovel":2,"minecraft:cracked_stone_bricks":7,"iceandfire:bestiary":2,"moonsweaponry:diamond_greatsword":1,"minecraft:beef":2,"minecraft:jungle_sapling":3,"minecraft:iron_nugget":56,"minecraft:light_gray_wool":1,"minecraft:sugar_cane":3,"alexsmobs:cooked_lobster_tail":1,"minecraft:raw_iron":37,"minecraft:stone":3,"minecraft:copper_ingot":1,"sophisticatedbackpacks:backpack":1,"minecraft:polished_blackstone_bricks":35,"alexsmobs:leafcutter_ant_pupa":3,"moonsweaponry:stone_greatsword":2,"minecraft:tnt":6,"iceandfire:silver_ingot":5,"minecraft:arrow":66,"minecraft:diamond_chestplate":1,"minecraft:nether_bricks":31,"minecraft:hay_block":5,"minecraft:totem_of_undying":1,"sophisticatedbackpacks:copper_backpack":1,"minecraft:mutton":6,"iceandfire:jungle_myrmex_cocoon":2,"minecraft:bone_block":2,"minecraft:skeleton_skull":2,"minecraft:white_wool":5,"minecraft:basalt":1,"minecraft:salmon":1,"minecraft:leather":8,"minecraft:red_mushroom":1,"minecraft:torchflower":1,"alexsmobs:cachalot_whale_tooth":3,"minecraft:oak_log":14,"gamma_beasts:green_apple":79,"minecraft:chainmail_chestplate":2,"minecraft:ancient_debris":1,"iceandfire:ectoplasm":12,"minecraft:golden_boots":5,"minecraft:gunpowder":14,"minecraft:cobblestone_stairs":1,"minecraft:blue_bed":8,"minecraft:cooked_mutton":11,"minecraft:red_carpet":5,"minecraft:stone_bricks":1,"gamma_beasts:meat":2,"minecraft:iron_ingot":25,"minecraft:stone_pickaxe":2,"minecraft:cobweb":2,"minecraft:iron_sword":1,"minecraft:acacia_sapling":4,"iceandfire:chared_stone":24,"iceandfire:ash":1,"minecraft:quartz":75,"minecraft:dandelion":1,"minecraft:dripstone_block":4,"minecraft:white_bed":6,"minecraft:spider_eye":4,"minecraft:leather_helmet":1,"minecraft:stone_axe":4,"minecraft:chainmail_leggings":2,"minecraft:iron_helmet":6,"minecraft:mossy_cobblestone_stairs":1,"minecraft:warped_roots":2,"minecraft:damaged_anvil":1,"minecraft:coal":127,"minecraft:ender_pearl":5},"minecraft:killed":{"minecraft:cave_spider":6,"alexsmobs:lobster":4,"minecraft:spider":16,"minecraft:skeleton":27,"alexsmobs:leafcutter_ant":5,"minecraft:chicken":4,"minecraft:silverfish":1,"gamma_beasts:pangolin_c":1,"gamma_beasts:diamond_golem_c":1,"minecraft:piglin_brute":1,"iceandfire:myrmex_worker":2,"minecraft:magma_cube":5,"minecraft:piglin":9,"minecraft:pig":9,"minecraft:zombie_villager":1,"minecraft:salmon":1,"alexsmobs:seal":1,"minecraft:iron_golem":1,"minecraft:creeper":5,"alexsmobs:warped_toad":1,"minecraft:sheep":4,"gamma_beasts:banndu_c":1,"minecraft:zombie":98,"gamma_beasts:crasu_a":1,"minecraft:stray":4,"minecraft:ghast":3,"alexsmobs:fly":3,"minecraft:cow":1,"alexsmobs:dropbear":1,"minecraft:evoker":2,"minecraft:vex":4,"alexsmobs:raccoon":1,"minecraft:vindicator":9,"minecraft:drowned":9,"alexsmobs:emu":1,"gamma_beasts:diamond_golem_a":4,"alexsmobs:crocodile":1,"iceandfire:myrmex_soldier":2,"iceandfire:ghost":6,"gamma_beasts:pangolin_a":1,"minecraft:wither_skeleton":15,"fear_of_the_abyss:unknown":13},"minecraft:killed_by":{"minecraft:piglin_brute":1,"minecraft:zombie":1,"iceandfire:fire_dragon":1,"gamma_beasts:dogishi_a":1,"iceandfire:ghost":1},"minecraft:mined":{"minecraft:white_bed":4,"minecraft:blackstone_stairs":1,"gamma_beasts:roble_hoja_1":36,"minecraft:cobblestone_stairs":3,"alexsmobs:leafcutter_anthill":2,"minecraft:jungle_leaves":3,"minecraft:red_nether_bricks":1,"minecraft:obsidian":3,"minecraft:granite":1,"minecraft:acacia_log":11,"minecraft:grass_block":11,"minecraft:infested_cobblestone":1,"minecraft:jungle_log":3,"minecraft:cracked_polished_blackstone_bricks":49,"minecraft:frosted_ice":1,"minecraft:spawner":25,"minecraft:gilded_blackstone":1,"minecraft:tall_seagrass":1,"gamma_beasts:thin_jungle_log":3,"minecraft:polished_blackstone_bricks":69,"minecraft:mossy_cobblestone_stairs":9,"minecraft:iron_ore":29,"minecraft:fire":8,"minecraft:pointed_dripstone":4,"iceandfire:gold_pile":2,"minecraft:iron_bars":40,"iceandfire:chared_cobblestone":2,"minecraft:blackstone":7,"iceandfire:myrmex_resin_jungle":1,"minecraft:torch":1,"minecraft:melon":4,"iceandfire:ghost_chest":1,"minecraft:nether_quartz_ore":78,"minecraft:cobblestone":2,"minecraft:oak_planks":2,"minecraft:damaged_anvil":1,"minecraft:wall_torch":1,"minecraft:skeleton_skull":1,"minecraft:warped_nylium":5,"minecraft:wheat":9,"minecraft:stone_brick_stairs":7,"gamma_beasts:palm_tree_log":1,"minecraft:grass":113,"minecraft:oak_log":14,"minecraft:dirt":2,"minecraft:ancient_debris":1,"minecraft:netherrack":306,"gamma_beasts:roble_ocuro_hojas":3,"minecraft:oak_leaves":8,"minecraft:deepslate":2,"minecraft:nether_gold_ore":3,"iceandfire:silver_ore":17,"minecraft:mossy_cobblestone":16,"minecraft:dark_oak_leaves":1,"gamma_beasts:roblo_hoja":26,"minecraft:nether_bricks":2,"minecraft:hay_block":5,"iceandfire:jungle_myrmex_cocoon":2,"minecraft:furnace":9,"minecraft:polished_basalt":1,"gamma_beasts:prehnite_ore":14,"minecraft:andesite":1,"minecraft:gold_block":2,"gamma_beasts:acacia_hoja":15,"minecraft:mossy_stone_brick_stairs":2,"minecraft:vine":10,"minecraft:stone":125,"minecraft:bone_block":5,"minecraft:redstone_block":1,"minecraft:soul_sand":1,"minecraft:basalt":12,"gamma_beasts:abedul_hoja_1":3,"minecraft:cornflower":1,"minecraft:crafting_table":18,"gamma_beasts:acacia_hoja_1":5,"minecraft:warped_roots":7,"minecraft:copper_ore":9,"minecraft:tall_grass":41,"minecraft:polished_blackstone_brick_stairs":1,"minecraft:blue_bed":6,"gamma_beasts:abedul_hojas":6,"minecraft:coarse_dirt":1,"minecraft:coal_ore":101,"minecraft:dripstone_block":2,"minecraft:cobweb":1,"minecraft:cracked_stone_bricks":7,"minecraft:polished_andesite":1,"minecraft:stone_bricks":7,"minecraft:mossy_stone_bricks":15,"minecraft:fern":2},"minecraft:custom":{"minecraft:interact_with_crafting_table":83,"minecraft:bell_ring":12,"minecraft:eat_cake_slice":1,"minecraft:leave_game":14,"minecraft:time_since_death":250167,"minecraft:sprint_one_cm":1382235,"minecraft:damage_blocked_by_shield":2909,"minecraft:drop":111,"minecraft:talked_to_villager":1,"minecraft:play_time":515364,"minecraft:deaths":5,"minecraft:jump":8420,"minecraft:walk_on_water_one_cm":119465,"minecraft:interact_with_furnace":88,"minecraft:play_record":1,"minecraft:sleep_in_bed":17,"minecraft:waystone_activated":2,"minecraft:damage_dealt":62905,"minecraft:crouch_one_cm":183892,"minecraft:mob_kills":291,"minecraft:climb_one_cm":13782,"minecraft:walk_one_cm":1712186,"minecraft:damage_dealt_absorbed":143,"minecraft:sneak_time":57863,"minecraft:walk_under_water_one_cm":127916,"minecraft:boat_one_cm":12198,"minecraft:total_world_time":515364,"minecraft:tune_noteblock":12,"minecraft:time_since_rest":1636,"minecraft:damage_taken":9828,"minecraft:damage_absorbed":40,"minecraft:trigger_trapped_chest":2,"minecraft:swim_one_cm":156247,"minecraft:fly_one_cm":1574851,"minecraft:open_chest":259,"minecraft:fall_one_cm":196801},"minecraft:used":{"alexsmobs:emu_egg":1,"moonsweaponry:diamond_greatsword":389,"minecraft:melon":4,"minecraft:polished_basalt":1,"minecraft:shield":137,"minecraft:iron_sword":180,"minecraft:rotten_flesh":140,"supertools:copperpickaxe":116,"minecraft:carrot":2,"minecraft:music_disc_13":1,"minecraft:obsidian":4,"gamma_beasts:pear":15,"alexsmobs:cooked_lobster_tail":3,"minecraft:iron_helmet":1,"minecraft:stone_bricks":54,"minecraft:golden_sword":20,"minecraft:red_carpet":5,"minecraft:bow":61,"minecraft:oak_sapling":1,"minecraft:furnace":11,"minecraft:potato":2,"minecraft:golden_boots":1,"minecraft:mossy_stone_bricks":5,"minecraft:oak_planks":24,"minecraft:stone_pickaxe":146,"minecraft:wooden_pickaxe":60,"minecraft:mossy_stone_brick_stairs":1,"minecraft:sugar_cane":2,"minecraft:blue_bed":7,"minecraft:golden_apple":1,"gamma_beasts:kiwi":16,"moonsweaponry:wooden_greatsword":57,"iceandfire:armor_copper_metal_chestplate":1,"minecraft:melon_slice":11,"minecraft:bread":33,"minecraft:oak_pressure_plate":1,"iceandfire:chared_cobblestone":13,"minecraft:diamond_sword":174,"minecraft:oak_boat":1,"minecraft:golden_pickaxe":132,"minecraft:stone_sword":162,"minecraft:flint_and_steel":59,"gamma_beasts:green_apple":68,"gamma_beasts:strawberry":9,"minecraft:netherrack":291,"minecraft:torch":195,"minecraft:dirt":6,"minecraft:chainmail_chestplate":1,"minecraft:granite":1,"alexsmobs:maggot":7,"moonsweaponry:iron_greatsword":649,"moonsweaponry:stone_greatsword":2,"minecraft:basalt":1,"minecraft:beef":2,"minecraft:cooked_beef":14,"minecraft:cooked_mutton":14,"minecraft:water_bucket":7,"minecraft:cobblestone_stairs":1,"supertools:copperleggings":1,"gamma_beasts:prehnite_sword":26,"minecraft:leather_boots":1,"minecraft:cracked_stone_bricks":2,"minecraft:polished_blackstone_bricks":5,"minecraft:tnt":3,"minecraft:crafting_table":20,"minecraft:white_bed":4,"minecraft:diamond_pickaxe":470,"minecraft:chicken":3,"minecraft:cracked_polished_blackstone_bricks":10,"minecraft:iron_pickaxe":87,"minecraft:stone_axe":13,"minecraft:cobblestone":11,"minecraft:potion":3,"minecraft:porkchop":4,"minecraft:cooked_porkchop":8,"minecraft:bucket":8,"alexsmobs:animal_dictionary":3,"minecraft:dandelion":1},"minecraft:crafted":{"minecraft:oak_planks":56,"moonsweaponry:diamond_greatsword":1,"minecraft:cooked_mutton":3,"minecraft:iron_boots":1,"iceandfire:armor_copper_metal_chestplate":1,"gamma_beasts:prehnite_armor_helmet":1,"supertools:copperleggings":1,"minecraft:golden_boots":1,"minecraft:cauldron":1,"minecraft:cooked_porkchop":12,"minecraft:crafting_table":6,"minecraft:wooden_pickaxe":1,"minecraft:iron_helmet":1,"minecraft:copper_ingot":37,"moonsweaponry:iron_greatsword":3,"minecraft:diamond_pickaxe":1,"minecraft:shield":4,"minecraft:stick":40,"minecraft:iron_ingot":33,"minecraft:iron_pickaxe":1,"minecraft:stone_sword":1,"minecraft:gold_ingot":9,"iceandfire:silver_sword":1,"supertools:lapisboots":1,"minecraft:furnace":5,"minecraft:bone_meal":18,"iceandfire:armor_copper_metal_helmet":1,"minecraft:flint_and_steel":1,"supertools:lapischestplate":1,"gamma_beasts:prehnite_sword":1,"minecraft:stone_pickaxe":1,"supertools:copperpickaxe":1,"minecraft:wheat":45,"iceandfire:silver_ingot":17,"minecraft:iron_sword":1,"minecraft:blue_bed":1,"minecraft:bucket":1,"minecraft:stone_axe":1,"minecraft:bread":16,"minecraft:air":0,"minecraft:jungle_planks":18,"minecraft:blue_dye":1,"minecraft:oak_boat":1,"iceandfire:bestiary":1,"gamma_beasts:palm_tree_planks":4,"minecraft:iron_leggings":1,"minecraft:white_bed":1,"minecraft:acacia_planks":40,"minecraft:torch":192},"minecraft:dropped":{"minecraft:iron_sword":2,"gamma_beasts:prehnite_armor_helmet":1,"minecraft:glass_bottle":3,"minecraft:diamond":1,"minecraft:cooked_porkchop":5,"minecraft:leather_helmet":1,"minecraft:flint":1,"minecraft:cracked_polished_blackstone_bricks":7,"minecraft:dirt":36,"minecraft:polished_blackstone_bricks":25,"alexsmobs:raccoon_tail":2,"minecraft:pointed_dripstone":5,"minecraft:rotten_flesh":42,"gamma_beasts:kiwi":4,"minecraft:cooked_mutton":3,"minecraft:white_bed":2,"moonsweaponry:diamond_greatsword":1,"iceandfire:ghost_chest":1,"minecraft:gunpowder":2,"minecraft:leather_boots":5,"iceandfire:bestiary":2,"minecraft:chainmail_boots":2,"minecraft:iron_bars":30,"minecraft:arrow":17,"minecraft:golden_boots":2,"minecraft:torchflower":1,"minecraft:wheat_seeds":17,"gamma_beasts:oak_leaf":35,"minecraft:lead":1,"minecraft:feather":1,"iceandfire:armor_copper_metal_chestplate":1,"minecraft:iron_helmet":5,"minecraft:stick":6,"minecraft:cobweb":1,"minecraft:ink_sac":1,"minecraft:torch":64,"iceandfire:silver_sword":1,"minecraft:melon_slice":9,"minecraft:potion":1,"minecraft:chainmail_leggings":2,"minecraft:acacia_planks":25,"minecraft:furnace":2,"minecraft:deepslate":2,"minecraft:iron_boots":3,"sophisticatedbackpacks:backpack":1,"iceandfire:armor_copper_metal_helmet":1,"minecraft:nether_bricks":30,"gamma_beasts:green_apple":11,"minecraft:flint_and_steel":1,"minecraft:shield":7,"iceandfire:copper_sword":1,"iceandfire:chared_cobblestone":1,"minecraft:iron_chestplate":3,"minecraft:golden_leggings":1,"moonsweaponry:stone_greatsword":1},"minecraft:broken":{"moonsweaponry:iron_greatsword":2,"minecraft:golden_helmet":1,"minecraft:iron_boots":1,"minecraft:chainmail_chestplate":2,"minecraft:diamond_sword":1,"minecraft:golden_chestplate":1}},"DataVersion":3465}