{"stats":{"minecraft:custom":{"minecraft:mob_kills":77,"minecraft:interact_with_crafting_table":66,"minecraft:bell_ring":12,"minecraft:leave_game":5,"minecraft:time_since_death":32132,"minecraft:climb_one_cm":2689,"minecraft:sprint_one_cm":423271,"minecraft:walk_one_cm":770010,"minecraft:damage_blocked_by_shield":1030,"minecraft:drop":26,"minecraft:damage_dealt_absorbed":143,"minecraft:talked_to_villager":1,"minecraft:play_time":205647,"minecraft:sneak_time":17922,"minecraft:deaths":3,"minecraft:walk_under_water_one_cm":20427,"minecraft:boat_one_cm":12198,"minecraft:jump":3509,"minecraft:walk_on_water_one_cm":30258,"minecraft:total_world_time":205647,"minecraft:interact_with_furnace":79,"minecraft:play_record":1,"minecraft:tune_noteblock":12,"minecraft:sleep_in_bed":12,"minecraft:waystone_activated":2,"minecraft:time_since_rest":24805,"minecraft:damage_taken":3230,"minecraft:damage_absorbed":40,"minecraft:damage_dealt":13930,"minecraft:swim_one_cm":29626,"minecraft:fly_one_cm":601825,"minecraft:open_chest":40,"minecraft:crouch_one_cm":68227,"minecraft:fall_one_cm":83706},"minecraft:picked_up":{"minecraft:crafting_table":17,"iceandfire:copper_sword":1,"minecraft:chicken":6,"minecraft:wooden_pickaxe":2,"iceandfire:myrmex_jungle_chitin":7,"minecraft:chain":2,"minecraft:shield":2,"minecraft:golden_sword":2,"minecraft:cornflower":1,"iceandfire:manuscript":5,"minecraft:string":5,"minecraft:raw_copper":37,"gamma_beasts:acacia_leaf":4,"minecraft:cracked_stone_bricks":1,"iceandfire:bestiary":2,"minecraft:gold_nugget":24,"minecraft:jungle_sapling":3,"minecraft:iron_nugget":56,"minecraft:light_gray_wool":1,"alexsmobs:raccoon_tail":2,"minecraft:melon_slice":18,"minecraft:sugar_cane":1,"alexsmobs:cooked_lobster_tail":1,"gamma_beasts:palm_tree_planks":8,"alexsmobs:leafcutter_ant_chamber":3,"minecraft:furnace":9,"minecraft:stick":10,"minecraft:raw_iron":33,"minecraft:torch":6,"minecraft:acacia_log":10,"sophisticatedbackpacks:backpack":1,"minecraft:porkchop":22,"minecraft:polished_blackstone_bricks":10,"alexsmobs:leafcutter_ant_pupa":3,"moonsweaponry:stone_greatsword":1,"iceandfire:silver_ingot":5,"minecraft:stone_sword":2,"minecraft:arrow":17,"minecraft:rotten_flesh":19,"minecraft:tropical_fish":2,"gamma_beasts:kiwi":26,"minecraft:hay_block":5,"alexsmobs:emu_egg":1,"gamma_beasts:coal_nugget":27,"sophisticatedbackpacks:copper_backpack":1,"minecraft:iron_bars":1,"minecraft:mutton":6,"iceandfire:jungle_myrmex_cocoon":2,"minecraft:bone_block":2,"alexsmobs:lobster_tail":12,"minecraft:skeleton_skull":2,"minecraft:white_wool":5,"minecraft:cobblestone":128,"minecraft:feather":16,"minecraft:salmon":1,"minecraft:jungle_log":3,"minecraft:leather":6,"minecraft:red_mushroom":1,"gamma_beasts:prehnite":12,"alexsmobs:cachalot_whale_tooth":3,"minecraft:oak_log":14,"minecraft:chainmail_chestplate":1,"iceandfire:ectoplasm":12,"minecraft:golden_boots":2,"minecraft:cobblestone_stairs":1,"minecraft:lapis_lazuli":22,"minecraft:dirt":35,"minecraft:blue_bed":8,"minecraft:cooked_mutton":6,"minecraft:bone":30,"minecraft:acacia_planks":79,"minecraft:stone_bricks":1,"iceandfire:myrmex_jungle_resin":2,"minecraft:bow":2,"minecraft:wheat_seeds":39,"gamma_beasts:meat":2,"minecraft:iron_ingot":17,"minecraft:stone_pickaxe":2,"minecraft:cobweb":1,"minecraft:oak_planks":34,"minecraft:acacia_sapling":4,"minecraft:cooked_porkchop":2,"minecraft:quartz":42,"gamma_beasts:palm_tree_log":1,"minecraft:jungle_planks":9,"minecraft:melon":4,"minecraft:white_bed":2,"iceandfire:myrmex_stinger":1,"minecraft:spider_eye":4,"alexsmobs:animal_dictionary":3,"gamma_beasts:thin_jungle_log":3,"minecraft:diamond":1,"minecraft:stone_axe":2,"minecraft:iron_helmet":1,"minecraft:granite":1,"moonsweaponry:wooden_greatsword":1,"minecraft:emerald":1,"minecraft:warped_roots":2,"alexsmobs:maggot":2,"minecraft:oak_sapling":4,"minecraft:netherrack":128,"minecraft:coal":77,"iceandfire:raw_silver":18},"minecraft:mined":{"iceandfire:silver_ore":17,"minecraft:cobblestone_stairs":3,"alexsmobs:leafcutter_anthill":2,"minecraft:jungle_leaves":3,"minecraft:granite":1,"minecraft:acacia_log":11,"minecraft:grass_block":7,"minecraft:infested_cobblestone":1,"minecraft:jungle_log":3,"minecraft:cracked_polished_blackstone_bricks":10,"minecraft:frosted_ice":1,"gamma_beasts:thin_jungle_log":3,"minecraft:hay_block":5,"minecraft:polished_blackstone_bricks":13,"iceandfire:jungle_myrmex_cocoon":2,"minecraft:furnace":7,"minecraft:iron_ore":29,"minecraft:fire":3,"gamma_beasts:prehnite_ore":14,"gamma_beasts:acacia_hoja":12,"minecraft:vine":2,"minecraft:iron_bars":2,"minecraft:stone":115,"minecraft:bone_block":5,"minecraft:blackstone":6,"iceandfire:myrmex_resin_jungle":1,"minecraft:cornflower":1,"minecraft:crafting_table":14,"gamma_beasts:acacia_hoja_1":4,"minecraft:torch":1,"minecraft:melon":4,"iceandfire:ghost_chest":1,"minecraft:warped_roots":4,"minecraft:nether_quartz_ore":43,"minecraft:copper_ore":9,"minecraft:tall_grass":33,"minecraft:cobblestone":2,"minecraft:oak_planks":2,"minecraft:blue_bed":6,"minecraft:skeleton_skull":1,"minecraft:warped_nylium":2,"minecraft:coarse_dirt":1,"gamma_beasts:palm_tree_log":1,"minecraft:grass":96,"minecraft:oak_log":14,"minecraft:coal_ore":71,"minecraft:dirt":1,"minecraft:cobweb":1,"minecraft:cracked_stone_bricks":1,"minecraft:stone_bricks":4,"minecraft:netherrack":48,"minecraft:oak_leaves":8,"minecraft:fern":2},"minecraft:dropped":{"gamma_beasts:prehnite_armor_helmet":1,"minecraft:cooked_porkchop":5,"iceandfire:armor_copper_metal_chestplate":1,"iceandfire:silver_sword":1,"minecraft:melon_slice":9,"alexsmobs:raccoon_tail":2,"minecraft:acacia_planks":25,"minecraft:furnace":2,"minecraft:rotten_flesh":2,"minecraft:iron_boots":1,"sophisticatedbackpacks:backpack":1,"gamma_beasts:kiwi":4,"iceandfire:armor_copper_metal_helmet":1,"minecraft:cooked_mutton":3,"minecraft:white_bed":2,"minecraft:shield":4,"iceandfire:copper_sword":1,"minecraft:leather_boots":1,"iceandfire:bestiary":2},"minecraft:killed":{"alexsmobs:lobster":4,"alexsmobs:raccoon":1,"minecraft:spider":4,"minecraft:skeleton":10,"alexsmobs:leafcutter_ant":5,"minecraft:chicken":4,"minecraft:silverfish":1,"iceandfire:myrmex_worker":2,"minecraft:pig":9,"minecraft:salmon":1,"alexsmobs:seal":1,"minecraft:creeper":1,"alexsmobs:emu":1,"alexsmobs:warped_toad":1,"minecraft:sheep":4,"gamma_beasts:banndu_c":1,"minecraft:zombie":13,"iceandfire:myrmex_soldier":2,"iceandfire:ghost":4,"alexsmobs:fly":1,"fear_of_the_abyss:unknown":6},"minecraft:crafted":{"minecraft:oak_planks":56,"supertools:lapisboots":1,"minecraft:furnace":5,"minecraft:bone_meal":18,"minecraft:cooked_mutton":3,"iceandfire:armor_copper_metal_helmet":1,"supertools:lapischestplate":1,"gamma_beasts:prehnite_sword":1,"minecraft:iron_boots":1,"minecraft:stone_pickaxe":1,"iceandfire:armor_copper_metal_chestplate":1,"gamma_beasts:prehnite_armor_helmet":1,"supertools:copperpickaxe":1,"supertools:copperleggings":1,"minecraft:wheat":45,"iceandfire:silver_ingot":17,"minecraft:cooked_porkchop":12,"minecraft:crafting_table":2,"minecraft:wooden_pickaxe":1,"minecraft:iron_sword":1,"minecraft:blue_bed":1,"minecraft:copper_ingot":37,"moonsweaponry:iron_greatsword":2,"minecraft:stone_axe":1,"minecraft:bread":15,"minecraft:air":0,"minecraft:jungle_planks":18,"minecraft:blue_dye":1,"minecraft:oak_boat":1,"iceandfire:bestiary":1,"gamma_beasts:palm_tree_planks":4,"minecraft:shield":4,"minecraft:stick":24,"minecraft:iron_ingot":31,"minecraft:stone_sword":1,"minecraft:iron_leggings":1,"minecraft:white_bed":1,"minecraft:acacia_planks":40,"minecraft:torch":32,"iceandfire:silver_sword":1},"minecraft:used":{"alexsmobs:emu_egg":1,"minecraft:stone_sword":162,"minecraft:melon":4,"minecraft:shield":68,"minecraft:iron_sword":56,"minecraft:rotten_flesh":15,"minecraft:netherrack":102,"minecraft:torch":39,"minecraft:dirt":5,"supertools:copperpickaxe":116,"minecraft:chainmail_chestplate":1,"minecraft:music_disc_13":1,"minecraft:granite":1,"alexsmobs:maggot":2,"alexsmobs:cooked_lobster_tail":3,"moonsweaponry:iron_greatsword":147,"minecraft:stone_bricks":31,"moonsweaponry:stone_greatsword":2,"minecraft:golden_sword":20,"minecraft:bow":9,"minecraft:oak_sapling":1,"minecraft:furnace":9,"minecraft:golden_boots":1,"minecraft:cooked_mutton":6,"minecraft:cobblestone_stairs":1,"supertools:copperleggings":1,"minecraft:stone_pickaxe":132,"minecraft:wooden_pickaxe":29,"gamma_beasts:prehnite_sword":26,"minecraft:leather_boots":1,"minecraft:blue_bed":7,"minecraft:cracked_stone_bricks":1,"minecraft:polished_blackstone_bricks":5,"minecraft:golden_apple":1,"minecraft:crafting_table":13,"moonsweaponry:wooden_greatsword":57,"gamma_beasts:kiwi":10,"iceandfire:armor_copper_metal_chestplate":1,"minecraft:chicken":3,"minecraft:bread":22,"minecraft:melon_slice":9,"minecraft:stone_axe":13,"minecraft:cobblestone":8,"minecraft:porkchop":2,"minecraft:cooked_porkchop":7,"minecraft:oak_boat":1,"alexsmobs:animal_dictionary":3,"minecraft:golden_pickaxe":132},"minecraft:broken":{"minecraft:chainmail_chestplate":1},"minecraft:killed_by":{"minecraft:piglin_brute":1,"gamma_beasts:dogishi_a":1,"iceandfire:ghost":1}},"DataVersion":3465}