{"stats":{"minecraft:custom":{"minecraft:interact_with_furnace":16,"minecraft:mob_kills":38,"minecraft:interact_with_crafting_table":23,"minecraft:leave_game":4,"minecraft:time_since_death":30022,"minecraft:sleep_in_bed":5,"minecraft:climb_one_cm":2243,"minecraft:time_since_rest":8348,"minecraft:sprint_one_cm":134582,"minecraft:damage_taken":1239,"minecraft:walk_one_cm":309132,"minecraft:drop":8,"minecraft:damage_dealt":4353,"minecraft:swim_one_cm":22536,"minecraft:fly_one_cm":265217,"minecraft:open_chest":4,"minecraft:crouch_one_cm":13057,"minecraft:play_time":82752,"minecraft:deaths":2,"minecraft:sneak_time":4488,"minecraft:walk_under_water_one_cm":14059,"minecraft:boat_one_cm":12198,"minecraft:jump":1482,"minecraft:walk_on_water_one_cm":18193,"minecraft:total_world_time":82752,"minecraft:fall_one_cm":36408},"minecraft:picked_up":{"minecraft:crafting_table":10,"minecraft:feather":15,"minecraft:chicken":4,"minecraft:salmon":1,"minecraft:jungle_log":3,"minecraft:leather":6,"minecraft:wooden_pickaxe":2,"minecraft:red_mushroom":1,"iceandfire:myrmex_jungle_chitin":4,"alexsmobs:cachalot_whale_tooth":3,"minecraft:shield":1,"minecraft:oak_log":7,"iceandfire:ectoplasm":3,"minecraft:golden_boots":2,"iceandfire:manuscript":5,"minecraft:golden_sword":2,"minecraft:string":4,"minecraft:dirt":33,"minecraft:cornflower":1,"minecraft:blue_bed":7,"minecraft:cooked_mutton":6,"minecraft:bone":8,"minecraft:acacia_planks":79,"minecraft:stone_bricks":1,"minecraft:cracked_stone_bricks":1,"minecraft:wheat_seeds":35,"minecraft:gold_nugget":24,"minecraft:stone_pickaxe":2,"minecraft:cobweb":1,"minecraft:jungle_sapling":3,"minecraft:iron_nugget":56,"minecraft:light_gray_wool":1,"minecraft:sugar_cane":1,"alexsmobs:cooked_lobster_tail":1,"gamma_beasts:palm_tree_planks":8,"minecraft:oak_planks":32,"minecraft:acacia_sapling":4,"alexsmobs:leafcutter_ant_chamber":3,"minecraft:furnace":1,"minecraft:stick":10,"minecraft:raw_iron":7,"minecraft:cooked_porkchop":2,"minecraft:acacia_log":10,"minecraft:jungle_planks":9,"gamma_beasts:palm_tree_log":1,"minecraft:porkchop":20,"minecraft:melon":4,"minecraft:white_bed":2,"alexsmobs:leafcutter_ant_pupa":3,"minecraft:spider_eye":2,"alexsmobs:animal_dictionary":3,"iceandfire:silver_ingot":2,"minecraft:stone_sword":2,"gamma_beasts:thin_jungle_log":3,"minecraft:arrow":6,"minecraft:rotten_flesh":6,"minecraft:stone_axe":2,"gamma_beasts:coal_nugget":1,"sophisticatedbackpacks:copper_backpack":1,"minecraft:oak_sapling":4,"iceandfire:jungle_myrmex_cocoon":2,"minecraft:bone_block":1,"minecraft:mutton":6,"minecraft:coal":4,"alexsmobs:lobster_tail":12,"minecraft:white_wool":5,"minecraft:cobblestone":52},"minecraft:mined":{"minecraft:cobblestone_stairs":2,"alexsmobs:leafcutter_anthill":2,"minecraft:jungle_leaves":3,"minecraft:crafting_table":7,"minecraft:cornflower":1,"minecraft:acacia_log":11,"minecraft:grass_block":5,"minecraft:infested_cobblestone":1,"minecraft:jungle_log":3,"minecraft:cobblestone":2,"minecraft:tall_grass":32,"minecraft:blue_bed":5,"gamma_beasts:thin_jungle_log":3,"iceandfire:jungle_myrmex_cocoon":2,"minecraft:coarse_dirt":1,"minecraft:furnace":2,"minecraft:iron_ore":3,"minecraft:fire":3,"gamma_beasts:palm_tree_log":1,"minecraft:coal_ore":4,"minecraft:grass":82,"minecraft:oak_log":7,"minecraft:vine":1,"minecraft:dirt":1,"minecraft:cobweb":1,"minecraft:cracked_stone_bricks":1,"minecraft:stone_bricks":4,"minecraft:stone":36,"minecraft:bone_block":4,"minecraft:oak_leaves":8,"minecraft:fern":1},"minecraft:dropped":{"minecraft:cooked_porkchop":5,"minecraft:white_bed":2,"minecraft:shield":3,"iceandfire:silver_sword":1,"minecraft:acacia_planks":10},"minecraft:crafted":{"minecraft:oak_planks":28,"minecraft:cooked_porkchop":12,"minecraft:crafting_table":1,"minecraft:wooden_pickaxe":1,"minecraft:iron_sword":1,"minecraft:furnace":2,"minecraft:blue_bed":1,"minecraft:stone_axe":1,"minecraft:air":0,"minecraft:jungle_planks":18,"minecraft:blue_dye":1,"minecraft:oak_boat":1,"iceandfire:bestiary":1,"gamma_beasts:palm_tree_planks":4,"minecraft:shield":3,"minecraft:stick":12,"minecraft:iron_ingot":5,"minecraft:stone_pickaxe":1,"minecraft:stone_sword":1,"minecraft:white_bed":1,"minecraft:acacia_planks":40,"minecraft:torch":12,"iceandfire:silver_sword":1},"minecraft:killed":{"iceandfire:myrmex_worker":2,"alexsmobs:lobster":4,"minecraft:pig":9,"minecraft:salmon":1,"alexsmobs:seal":1,"minecraft:spider":1,"minecraft:skeleton":2,"minecraft:sheep":4,"minecraft:zombie":1,"iceandfire:ghost":2,"alexsmobs:leafcutter_ant":5,"minecraft:chicken":4,"minecraft:silverfish":1},"minecraft:used":{"minecraft:golden_boots":1,"minecraft:cooked_mutton":4,"minecraft:stone_sword":162,"minecraft:stone_pickaxe":33,"minecraft:wooden_pickaxe":29,"minecraft:iron_sword":42,"minecraft:blue_bed":6,"minecraft:rotten_flesh":1,"minecraft:torch":1,"minecraft:dirt":2,"minecraft:crafting_table":6,"minecraft:chicken":3,"minecraft:golden_sword":20,"minecraft:stone_axe":4,"minecraft:cobblestone":3,"minecraft:porkchop":2,"minecraft:oak_sapling":1,"minecraft:furnace":3,"minecraft:cooked_porkchop":5,"minecraft:oak_boat":1,"alexsmobs:animal_dictionary":3},"minecraft:killed_by":{"gamma_beasts:dogishi_a":1,"iceandfire:ghost":1}},"DataVersion":3465}