{"stats":{"minecraft:custom":{"minecraft:mob_kills":52,"minecraft:interact_with_crafting_table":48,"minecraft:leave_game":4,"minecraft:time_since_death":78022,"minecraft:climb_one_cm":2689,"minecraft:sprint_one_cm":221883,"minecraft:walk_one_cm":464025,"minecraft:damage_blocked_by_shield":750,"minecraft:drop":14,"minecraft:damage_dealt_absorbed":143,"minecraft:play_time":130752,"minecraft:deaths":2,"minecraft:sneak_time":8332,"minecraft:walk_under_water_one_cm":19049,"minecraft:boat_one_cm":12198,"minecraft:jump":2358,"minecraft:walk_on_water_one_cm":24964,"minecraft:total_world_time":130752,"minecraft:interact_with_furnace":64,"minecraft:sleep_in_bed":7,"minecraft:time_since_rest":18734,"minecraft:damage_taken":1821,"minecraft:damage_dealt":7191,"minecraft:swim_one_cm":28081,"minecraft:fly_one_cm":397207,"minecraft:open_chest":10,"minecraft:crouch_one_cm":25164,"minecraft:fall_one_cm":57361},"minecraft:picked_up":{"minecraft:crafting_table":13,"iceandfire:copper_sword":1,"minecraft:chicken":4,"minecraft:wooden_pickaxe":2,"iceandfire:myrmex_jungle_chitin":7,"minecraft:golden_sword":2,"minecraft:shield":1,"minecraft:cornflower":1,"iceandfire:manuscript":5,"minecraft:string":4,"minecraft:raw_copper":37,"minecraft:cracked_stone_bricks":1,"minecraft:gold_nugget":24,"minecraft:jungle_sapling":3,"minecraft:iron_nugget":56,"minecraft:light_gray_wool":1,"minecraft:melon_slice":18,"minecraft:sugar_cane":1,"alexsmobs:cooked_lobster_tail":1,"gamma_beasts:palm_tree_planks":8,"alexsmobs:leafcutter_ant_chamber":3,"minecraft:furnace":6,"minecraft:raw_iron":23,"minecraft:stick":10,"minecraft:torch":2,"minecraft:acacia_log":10,"sophisticatedbackpacks:backpack":1,"minecraft:porkchop":20,"alexsmobs:leafcutter_ant_pupa":3,"minecraft:stone_sword":2,"iceandfire:silver_ingot":2,"minecraft:arrow":10,"minecraft:rotten_flesh":9,"minecraft:tropical_fish":2,"alexsmobs:emu_egg":1,"gamma_beasts:coal_nugget":27,"sophisticatedbackpacks:copper_backpack":1,"minecraft:mutton":6,"iceandfire:jungle_myrmex_cocoon":2,"minecraft:skeleton_skull":1,"minecraft:white_wool":5,"alexsmobs:lobster_tail":12,"minecraft:bone_block":2,"minecraft:cobblestone":114,"minecraft:feather":16,"minecraft:jungle_log":3,"minecraft:salmon":1,"minecraft:leather":6,"minecraft:red_mushroom":1,"gamma_beasts:prehnite":12,"alexsmobs:cachalot_whale_tooth":3,"minecraft:oak_log":7,"iceandfire:ectoplasm":3,"minecraft:golden_boots":2,"minecraft:lapis_lazuli":22,"minecraft:blue_bed":8,"minecraft:dirt":35,"minecraft:cooked_mutton":6,"minecraft:bone":12,"minecraft:acacia_planks":79,"minecraft:stone_bricks":1,"iceandfire:myrmex_jungle_resin":2,"minecraft:wheat_seeds":36,"minecraft:iron_ingot":7,"minecraft:stone_pickaxe":2,"minecraft:cobweb":1,"minecraft:oak_planks":32,"minecraft:acacia_sapling":4,"minecraft:cooked_porkchop":2,"gamma_beasts:palm_tree_log":1,"minecraft:jungle_planks":9,"minecraft:melon":4,"minecraft:white_bed":2,"iceandfire:myrmex_stinger":1,"minecraft:spider_eye":2,"alexsmobs:animal_dictionary":3,"gamma_beasts:thin_jungle_log":3,"minecraft:stone_axe":2,"minecraft:granite":1,"alexsmobs:maggot":2,"minecraft:oak_sapling":4,"minecraft:coal":77,"iceandfire:raw_silver":17},"minecraft:mined":{"iceandfire:silver_ore":16,"minecraft:cobblestone_stairs":2,"alexsmobs:leafcutter_anthill":2,"minecraft:jungle_leaves":3,"minecraft:granite":1,"minecraft:acacia_log":11,"minecraft:grass_block":7,"minecraft:infested_cobblestone":1,"minecraft:jungle_log":3,"gamma_beasts:thin_jungle_log":3,"iceandfire:jungle_myrmex_cocoon":2,"minecraft:furnace":4,"minecraft:iron_ore":19,"minecraft:fire":3,"gamma_beasts:prehnite_ore":14,"minecraft:vine":1,"minecraft:stone":101,"minecraft:bone_block":5,"iceandfire:myrmex_resin_jungle":1,"minecraft:crafting_table":10,"minecraft:cornflower":1,"minecraft:melon":4,"minecraft:copper_ore":9,"minecraft:tall_grass":32,"minecraft:cobblestone":2,"minecraft:blue_bed":6,"minecraft:skeleton_skull":1,"minecraft:coarse_dirt":1,"gamma_beasts:palm_tree_log":1,"minecraft:grass":89,"minecraft:oak_log":7,"minecraft:coal_ore":71,"minecraft:dirt":1,"minecraft:cobweb":1,"minecraft:cracked_stone_bricks":1,"minecraft:stone_bricks":4,"minecraft:oak_leaves":8,"minecraft:fern":2},"minecraft:dropped":{"minecraft:cooked_porkchop":5,"iceandfire:silver_sword":1,"minecraft:melon_slice":9,"minecraft:acacia_planks":25,"minecraft:furnace":2,"sophisticatedbackpacks:backpack":1,"minecraft:cooked_mutton":3,"minecraft:white_bed":2,"minecraft:shield":3,"iceandfire:copper_sword":1},"minecraft:killed":{"alexsmobs:lobster":4,"minecraft:spider":1,"minecraft:skeleton":6,"alexsmobs:leafcutter_ant":5,"minecraft:chicken":4,"minecraft:silverfish":1,"iceandfire:myrmex_worker":2,"minecraft:pig":9,"minecraft:salmon":1,"alexsmobs:seal":1,"minecraft:creeper":1,"alexsmobs:emu":1,"minecraft:sheep":4,"iceandfire:myrmex_soldier":2,"minecraft:zombie":4,"iceandfire:ghost":4,"alexsmobs:fly":1},"minecraft:crafted":{"minecraft:oak_planks":28,"supertools:lapisboots":1,"minecraft:furnace":4,"minecraft:bone_meal":18,"minecraft:cooked_mutton":3,"iceandfire:armor_copper_metal_helmet":1,"supertools:lapischestplate":1,"gamma_beasts:prehnite_sword":1,"iceandfire:armor_copper_metal_chestplate":1,"minecraft:stone_pickaxe":1,"supertools:copperpickaxe":1,"supertools:copperleggings":1,"iceandfire:silver_ingot":16,"minecraft:cooked_porkchop":12,"minecraft:crafting_table":1,"minecraft:wooden_pickaxe":1,"minecraft:iron_sword":1,"minecraft:blue_bed":1,"minecraft:copper_ingot":37,"moonsweaponry:iron_greatsword":1,"minecraft:stone_axe":1,"minecraft:air":0,"minecraft:jungle_planks":18,"minecraft:blue_dye":1,"minecraft:oak_boat":1,"iceandfire:bestiary":1,"gamma_beasts:palm_tree_planks":4,"minecraft:shield":3,"minecraft:stick":16,"minecraft:iron_ingot":12,"minecraft:stone_sword":1,"minecraft:white_bed":1,"minecraft:acacia_planks":40,"minecraft:torch":12,"iceandfire:silver_sword":1},"minecraft:used":{"alexsmobs:emu_egg":1,"minecraft:stone_sword":162,"minecraft:melon":4,"minecraft:shield":60,"minecraft:iron_sword":55,"minecraft:rotten_flesh":10,"minecraft:torch":13,"minecraft:dirt":5,"supertools:copperpickaxe":112,"minecraft:granite":1,"alexsmobs:maggot":2,"alexsmobs:cooked_lobster_tail":3,"moonsweaponry:iron_greatsword":45,"minecraft:golden_sword":20,"minecraft:furnace":8,"minecraft:oak_sapling":1,"minecraft:golden_boots":1,"minecraft:cooked_mutton":6,"supertools:copperleggings":1,"minecraft:stone_pickaxe":104,"minecraft:wooden_pickaxe":29,"minecraft:blue_bed":7,"minecraft:cracked_stone_bricks":1,"minecraft:crafting_table":10,"iceandfire:armor_copper_metal_chestplate":1,"minecraft:chicken":3,"minecraft:melon_slice":9,"minecraft:stone_axe":4,"minecraft:cobblestone":8,"minecraft:cooked_porkchop":7,"minecraft:porkchop":2,"alexsmobs:animal_dictionary":3,"minecraft:oak_boat":1,"minecraft:golden_pickaxe":11},"minecraft:killed_by":{"gamma_beasts:dogishi_a":1,"iceandfire:ghost":1}},"DataVersion":3465}