{"stats":{"minecraft:custom":{"minecraft:mob_kills":62,"minecraft:interact_with_crafting_table":17,"minecraft:leave_game":9,"minecraft:time_since_death":15758,"minecraft:climb_one_cm":4184,"minecraft:sprint_one_cm":358538,"minecraft:walk_one_cm":485270,"minecraft:damage_blocked_by_shield":510,"minecraft:drop":57,"minecraft:damage_dealt_absorbed":17,"minecraft:play_time":201137,"minecraft:deaths":17,"minecraft:sneak_time":34519,"minecraft:walk_under_water_one_cm":38063,"minecraft:boat_one_cm":6015,"minecraft:jump":3228,"minecraft:walk_on_water_one_cm":52227,"minecraft:total_world_time":201137,"minecraft:interact_with_furnace":23,"minecraft:sleep_in_bed":10,"minecraft:time_since_rest":2293,"minecraft:waystone_activated":1,"minecraft:damage_taken":2147483647,"minecraft:trigger_trapped_chest":4,"minecraft:damage_dealt":17296,"minecraft:swim_one_cm":69786,"minecraft:fly_one_cm":626459,"minecraft:open_chest":36,"minecraft:crouch_one_cm":108307,"minecraft:fall_one_cm":75295},"minecraft:picked_up":{"minecraft:wooden_axe":1,"minecraft:coarse_dirt":8,"minecraft:cocoa_beans":27,"iceandfire:dragon_skull_lightning":2,"gamma_beasts:thin_oak_log":5,"minecraft:crafting_table":4,"minecraft:wheat":2,"minecraft:azure_bluet":1,"minecraft:wooden_pickaxe":1,"minecraft:wither_rose":2,"iceandfire:myrmex_jungle_chitin":19,"minecraft:brewing_stand":1,"minecraft:shield":8,"supertools:lapisleggings":1,"alexsmobs:gazelle_horn":6,"iceandfire:manuscript":4,"minecraft:string":15,"minecraft:raw_copper":29,"minecraft:wooden_sword":4,"minecraft:blackstone":3,"iceandfire:graveyard_soil":7,"minecraft:cracked_stone_bricks":2,"minecraft:gold_nugget":18,"moonsweaponry:iron_greatsword":3,"minecraft:jungle_sapling":3,"minecraft:iron_nugget":32,"minecraft:iron_pickaxe":1,"minecraft:light_gray_wool":3,"minecraft:chest":1,"minecraft:melon_slice":107,"minecraft:sugar_cane":7,"alexsmobs:cooked_lobster_tail":2,"minecraft:furnace":9,"minecraft:egg":1,"iceandfire:ghost_chest":1,"minecraft:stick":9,"minecraft:raw_iron":11,"iceandfire:dragonbone":70,"minecraft:copper_ingot":3,"minecraft:torch":20,"sophisticatedbackpacks:backpack":2,"minecraft:fire_charge":2,"iceandfire:myrmex_resin_sticky_jungle":17,"minecraft:polished_blackstone_bricks":3,"supertools:lapishelmet":1,"minecraft:warped_planks":14,"alexsmobs:leafcutter_ant_pupa":1,"supertools:lapisboots":1,"minecraft:orange_bed":1,"iceandfire:silver_ingot":3,"minecraft:stone_sword":3,"minecraft:arrow":3,"minecraft:rotten_flesh":14,"minecraft:tropical_fish":4,"gamma_beasts:kiwi":6,"minecraft:hay_block":56,"alexsmobs:emu_egg":1,"gamma_beasts:coal_nugget":16,"iceandfire:jungle_myrmex_cocoon":2,"minecraft:mutton":26,"minecraft:bone_block":6,"minecraft:white_wool":11,"alexsmobs:lobster_tail":3,"alexsmobs:flying_fish":3,"minecraft:cobblestone":131,"minecraft:birch_log":7,"minecraft:feather":1,"minecraft:andesite":4,"minecraft:water_bucket":1,"minecraft:jungle_log":5,"minecraft:red_mushroom":1,"gamma_beasts:prehnite":1,"alexsmobs:cachalot_whale_tooth":1,"minecraft:oak_log":20,"iceandfire:ectoplasm":6,"minecraft:gunpowder":8,"iceandfire:myrmex_resin_jungle":22,"minecraft:lapis_lazuli":46,"minecraft:blue_bed":2,"minecraft:dirt":81,"minecraft:twisting_vines":1,"minecraft:cooked_mutton":25,"iceandfire:pixie_jar_empty":2,"minecraft:bone":24,"iceandfire:myrmex_jungle_resin":2,"minecraft:acacia_planks":23,"minecraft:stone_bricks":8,"minecraft:kelp":10,"minecraft:bow":1,"minecraft:wheat_seeds":11,"minecraft:iron_ingot":11,"minecraft:stone_pickaxe":2,"minecraft:cobweb":1,"minecraft:acacia_sapling":5,"iceandfire:copper_nugget":50,"minecraft:cooked_porkchop":5,"minecraft:quartz":3,"minecraft:gravel":1,"minecraft:sand":1,"iceandfire:myrmex_stinger":1,"minecraft:white_bed":10,"minecraft:spider_eye":4,"alexsmobs:animal_dictionary":2,"minecraft:sugar":2,"minecraft:stone_axe":2,"iceandfire:silver_sword":10,"minecraft:bone_meal":3,"minecraft:cracked_polished_blackstone_bricks":2,"iceandfire:myrmex_jungle_egg":9,"minecraft:granite":4,"moonsweaponry:wooden_greatsword":1,"iceandfire:myrmex_jungle_biolight":2,"minecraft:bread":23,"minecraft:warped_roots":5,"iceandfire:gorgon_head":1,"alexsmobs:maggot":1,"minecraft:oak_sapling":1,"minecraft:netherrack":67,"minecraft:coal":110,"iceandfire:raw_silver":8},"minecraft:mined":{"minecraft:white_bed":6,"iceandfire:silver_ore":8,"iceandfire:copper_pile":6,"minecraft:jungle_leaves":1,"minecraft:brewing_stand":1,"minecraft:granite":4,"minecraft:grass_block":11,"minecraft:jungle_log":5,"alexsmobs:leafcutter_ant_chamber":2,"minecraft:kelp":1,"minecraft:hay_block":57,"minecraft:furnace":1,"minecraft:iron_ore":11,"minecraft:fire":6,"minecraft:andesite":2,"minecraft:azure_bluet":1,"minecraft:red_tulip":1,"minecraft:vine":3,"iceandfire:myrmex_resin_sticky_jungle":5,"minecraft:stone":46,"minecraft:orange_bed":1,"iceandfire:pixie_jar_empty":2,"minecraft:twisting_vines_plant":1,"iceandfire:myrmex_resin_jungle":3,"minecraft:crafting_table":1,"iceandfire:ghost_chest":1,"minecraft:melon":10,"minecraft:warped_roots":3,"minecraft:chest":1,"minecraft:nether_quartz_ore":2,"minecraft:tall_grass":23,"minecraft:lapis_ore":6,"minecraft:sugar_cane":1,"minecraft:blue_bed":1,"minecraft:wall_torch":2,"minecraft:warped_nylium":1,"minecraft:coarse_dirt":1,"minecraft:birch_log":7,"minecraft:wheat":2,"iceandfire:myrmex_jungle_biolight":2,"minecraft:warped_fungus":1,"gamma_beasts:thin_oak_log":5,"minecraft:grass":134,"minecraft:oak_log":5,"minecraft:coal_ore":50,"minecraft:sand":1,"minecraft:gravel":1,"minecraft:dirt":7,"minecraft:cobweb":2,"minecraft:netherrack":64,"minecraft:oak_leaves":10,"minecraft:fern":5},"minecraft:killed":{"alexsmobs:lobster":2,"alexsmobs:raccoon":1,"minecraft:spider":1,"minecraft:skeleton":4,"gamma_beasts:banndu_a":1,"alexsmobs:leafcutter_ant":4,"minecraft:silverfish":2,"alexsmobs:flying_fish":1,"iceandfire:myrmex_worker":2,"minecraft:piglin":2,"minecraft:creeper":3,"gamma_beasts:radioactive_bear_c":1,"minecraft:sheep":9,"minecraft:zombie":6,"iceandfire:myrmex_soldier":1,"alexsmobs:cockroach":1,"iceandfire:ghost":5,"alexsmobs:gazelle":5,"alexsmobs:fly":1,"fear_of_the_abyss:unknown":8},"minecraft:crafted":{"minecraft:oak_planks":10,"supertools:lapisboots":1,"minecraft:cooked_mutton":20,"supertools:lapischestplate":1,"minecraft:bow":1,"moonsweaponry:stone_greatsword":2,"minecraft:stone_pickaxe":1,"moonsweaponry:wooden_greatsword":2,"minecraft:wheat":504,"alexsmobs:cooked_lobster_tail":3,"minecraft:crafting_table":3,"minecraft:wooden_pickaxe":1,"minecraft:copper_ingot":3,"moonsweaponry:iron_greatsword":1,"minecraft:birch_planks":28,"minecraft:bread":168,"minecraft:air":0,"minecraft:jungle_planks":8,"supertools:lapishelmet":1,"minecraft:stick":24,"minecraft:iron_ingot":14,"minecraft:iron_pickaxe":1,"minecraft:wooden_axe":1,"minecraft:white_bed":1,"minecraft:torch":32,"supertools:lapisleggings":1},"minecraft:used":{"minecraft:stone_sword":4,"iceandfire:silver_sword":71,"minecraft:tropical_fish":1,"minecraft:chest":1,"minecraft:shield":11,"minecraft:rotten_flesh":4,"minecraft:netherrack":33,"minecraft:orange_bed":1,"minecraft:torch":34,"minecraft:dirt":32,"minecraft:granite":4,"minecraft:wooden_axe":35,"alexsmobs:maggot":1,"alexsmobs:cooked_lobster_tail":1,"moonsweaponry:iron_greatsword":163,"iceandfire:ghost_chest":1,"minecraft:stone_bricks":1,"moonsweaponry:stone_greatsword":9,"minecraft:furnace":2,"iceandfire:pixie_jar_empty":1,"minecraft:egg":1,"minecraft:cooked_mutton":6,"minecraft:water_bucket":8,"minecraft:stone_pickaxe":132,"minecraft:blackstone":3,"minecraft:wooden_pickaxe":34,"minecraft:blue_bed":1,"supertools:lapisleggings":1,"minecraft:sand":1,"minecraft:crafting_table":4,"minecraft:white_bed":6,"moonsweaponry:wooden_greatsword":22,"gamma_beasts:kiwi":4,"minecraft:cracked_polished_blackstone_bricks":2,"minecraft:iron_pickaxe":40,"minecraft:bread":20,"minecraft:melon_slice":52,"supertools:lapishelmet":1,"minecraft:gravel":1,"iceandfire:myrmex_resin_jungle":11,"iceandfire:myrmex_jungle_egg":1,"minecraft:wooden_sword":87,"minecraft:cobblestone":24,"minecraft:cooked_porkchop":4,"minecraft:andesite":2,"minecraft:bucket":9,"iceandfire:myrmex_resin_sticky_jungle":8,"alexsmobs:emu_egg":1},"minecraft:dropped":{"minecraft:iron_ingot":7,"minecraft:bread":13,"iceandfire:raw_silver":2,"minecraft:wheat_seeds":3,"minecraft:lapis_lazuli":22,"minecraft:crafting_table":2,"minecraft:cobblestone":62,"iceandfire:ectoplasm":3,"minecraft:cracked_stone_bricks":1,"iceandfire:silver_sword":1,"iceandfire:myrmex_jungle_biolight":2,"alexsmobs:cooked_lobster_tail":2,"minecraft:melon_slice":7,"minecraft:string":11,"minecraft:white_wool":2,"minecraft:acacia_planks":23,"minecraft:blue_bed":1,"minecraft:bone":5,"minecraft:furnace":3,"minecraft:stone_axe":1,"minecraft:iron_nugget":28,"minecraft:stone_sword":2,"minecraft:wheat":4,"minecraft:rotten_flesh":11,"minecraft:cooked_mutton":6,"alexsmobs:cachalot_whale_tooth":1,"alexsmobs:leafcutter_ant_pupa":1,"minecraft:andesite":2,"iceandfire:silver_ingot":2,"minecraft:acacia_sapling":2,"minecraft:oak_sapling":1,"moonsweaponry:wooden_greatsword":1,"minecraft:stone_bricks":2,"moonsweaponry:stone_greatsword":1,"minecraft:netherrack":34},"minecraft:broken":{"minecraft:stone_pickaxe":1,"minecraft:wooden_sword":1,"minecraft:wooden_axe":1},"minecraft:killed_by":{"minecraft:player":1,"minecraft:piglin_brute":2,"iceandfire:gorgon":2,"minecraft:piglin":1,"alexsmobs:crocodile":2,"iceandfire:myrmex_queen":1,"minecraft:zombie":1,"iceandfire:ghost":3,"iceandfire:myrmex_soldier":1,"fear_of_the_abyss:unknown":1}},"DataVersion":3465}