{"stats":{"minecraft:custom":{"minecraft:interact_with_crafting_table":31,"minecraft:eat_cake_slice":1,"minecraft:leave_game":11,"minecraft:time_since_death":228795,"minecraft:damage_resisted":18,"minecraft:sprint_one_cm":1349969,"minecraft:damage_blocked_by_shield":1203,"minecraft:drop":146,"minecraft:play_time":593991,"minecraft:deaths":34,"minecraft:jump":8812,"minecraft:walk_on_water_one_cm":192209,"minecraft:interact_with_furnace":29,"minecraft:sleep_in_bed":19,"minecraft:waystone_activated":2,"minecraft:damage_dealt":66533,"minecraft:crouch_one_cm":379148,"minecraft:mob_kills":250,"minecraft:climb_one_cm":18724,"minecraft:walk_one_cm":1543288,"minecraft:damage_dealt_absorbed":17,"minecraft:raid_win":1,"minecraft:sneak_time":114067,"minecraft:walk_under_water_one_cm":235597,"minecraft:boat_one_cm":6015,"minecraft:total_world_time":593991,"minecraft:raid_trigger":1,"minecraft:time_since_rest":200345,"minecraft:damage_taken":2147483647,"minecraft:damage_absorbed":379,"minecraft:trigger_trapped_chest":4,"minecraft:swim_one_cm":238624,"minecraft:fly_one_cm":1724582,"minecraft:open_chest":250,"minecraft:fall_one_cm":192729},"minecraft:picked_up":{"minecraft:wooden_axe":1,"gamma_beasts:thin_oak_log":13,"minecraft:iron_chestplate":9,"minecraft:wheat":11,"minecraft:chainmail_boots":2,"minecraft:redstone_block":1,"iceandfire:copper_sword":5,"gamma_beasts:fur":16,"minecraft:lead":1,"minecraft:diamond_sword":3,"minecraft:potion":2,"minecraft:wither_rose":2,"minecraft:enchanted_book":3,"iceandfire:myrmex_jungle_chitin":19,"minecraft:stone_brick_stairs":5,"minecraft:brewing_stand":1,"supertools:lapisleggings":1,"iceandfire:manuscript":4,"alexsmobs:gazelle_horn":6,"minecraft:string":44,"minecraft:raw_copper":39,"minecraft:red_nether_bricks":5,"minecraft:iron_leggings":2,"minecraft:gold_nugget":28,"minecraft:cobbled_deepslate":4,"moonsweaponry:iron_greatsword":3,"minecraft:iron_pickaxe":6,"minecraft:melon_slice":117,"minecraft:iron_boots":5,"minecraft:furnace":13,"minecraft:tipped_arrow":4,"minecraft:stick":44,"gamma_beasts:jungle_leaf":8,"iceandfire:ghost_chest":2,"minecraft:acacia_fence":1,"minecraft:jukebox":1,"minecraft:torch":109,"minecraft:acacia_log":4,"iceandfire:myrmex_resin_sticky_jungle":17,"minecraft:pointed_dripstone":4,"minecraft:warped_planks":14,"minecraft:golden_chestplate":3,"minecraft:orange_bed":2,"minecraft:quartz_block":2,"minecraft:stone_sword":3,"minecraft:rotten_flesh":109,"minecraft:tropical_fish":4,"gamma_beasts:kiwi":18,"alexsmobs:emu_egg":1,"gamma_beasts:coal_nugget":17,"minecraft:cod":2,"minecraft:iron_bars":52,"alexsmobs:flying_fish":3,"minecraft:cobblestone":237,"alexsmobs:lobster_tail":3,"minecraft:birch_log":7,"gamma_beasts:pear":18,"minecraft:leather_chestplate":2,"minecraft:feather":2,"minecraft:cooked_beef":12,"minecraft:jungle_log":5,"minecraft:water_bucket":1,"minecraft:andesite":12,"minecraft:golden_leggings":1,"minecraft:dark_oak_boat":6,"gamma_beasts:prehnite":3,"minecraft:flint":3,"gamma_beasts:oak_leaf":4,"minecraft:lapis_lazuli":46,"minecraft:dirt":125,"minecraft:twisting_vines":1,"minecraft:leather_boots":3,"minecraft:bone":73,"minecraft:acacia_planks":23,"iceandfire:myrmex_jungle_resin":2,"minecraft:bow":6,"minecraft:wheat_seeds":74,"minecraft:mossy_stone_bricks":105,"minecraft:glowstone_dust":4,"minecraft:oak_planks":2,"minecraft:mossy_stone_brick_stairs":4,"minecraft:cooked_porkchop":5,"minecraft:music_disc_13":1,"minecraft:sand":1,"minecraft:nether_brick_stairs":7,"minecraft:ink_sac":7,"minecraft:lily_of_the_valley":1,"minecraft:diamond_block":3,"iceandfire:myrmex_stinger":1,"alexsmobs:animal_dictionary":2,"minecraft:mossy_cobblestone":29,"minecraft:sugar":2,"minecraft:diamond":33,"minecraft:deepslate":11,"minecraft:cracked_polished_blackstone_bricks":16,"minecraft:crossbow":9,"minecraft:granite":4,"minecraft:golden_apple":5,"minecraft:bone_meal":8,"moonsweaponry:wooden_greatsword":1,"minecraft:chainmail_helmet":1,"iceandfire:myrmex_jungle_biolight":2,"minecraft:emerald":11,"minecraft:bread":189,"iceandfire:gorgon_head":1,"alexsmobs:maggot":2,"minecraft:oak_sapling":1,"minecraft:netherrack":122,"minecraft:dark_oak_fence":20,"iceandfire:raw_silver":12,"minecraft:diamond_pickaxe":1,"minecraft:coarse_dirt":8,"iceandfire:dragon_skull_lightning":2,"minecraft:cocoa_beans":27,"minecraft:crafting_table":6,"minecraft:azure_bluet":2,"minecraft:chicken":1,"iceandfire:witherbone":6,"minecraft:leather_leggings":7,"minecraft:wooden_pickaxe":1,"minecraft:gold_block":1,"minecraft:brick":2,"minecraft:shield":11,"minecraft:red_bed":4,"minecraft:iron_axe":4,"minecraft:wooden_sword":4,"minecraft:flint_and_steel":1,"minecraft:white_carpet":4,"minecraft:iron_shovel":4,"minecraft:blackstone":4,"iceandfire:graveyard_soil":7,"minecraft:cracked_stone_bricks":19,"minecraft:beef":16,"minecraft:jungle_sapling":3,"minecraft:iron_nugget":32,"minecraft:poppy":1,"minecraft:light_gray_wool":3,"minecraft:chest":1,"minecraft:sugar_cane":8,"alexsmobs:cooked_lobster_tail":2,"minecraft:phantom_membrane":9,"gamma_beasts:lemon":10,"minecraft:egg":6,"minecraft:dark_oak_sapling":1,"minecraft:raw_iron":17,"iceandfire:dragonbone":91,"minecraft:copper_ingot":3,"sophisticatedbackpacks:backpack":2,"minecraft:fire_charge":2,"minecraft:polished_blackstone_bricks":44,"supertools:lapishelmet":1,"minecraft:carrot":21,"supertools:copperleggings":1,"alexsmobs:leafcutter_ant_pupa":1,"moonsweaponry:stone_greatsword":4,"alexsmobs:crocodile_scute":9,"supertools:lapisboots":1,"minecraft:dark_oak_planks":10,"iceandfire:silver_ingot":3,"minecraft:arrow":57,"minecraft:nether_bricks":100,"minecraft:hay_block":61,"minecraft:saddle":4,"minecraft:totem_of_undying":5,"alexsmobs:kangaroo_meat":1,"minecraft:mutton":34,"iceandfire:jungle_myrmex_cocoon":2,"minecraft:white_wool":20,"minecraft:skeleton_skull":3,"minecraft:bone_block":6,"minecraft:lime_bed":1,"minecraft:basalt":2,"minecraft:salmon":14,"minecraft:leather":5,"minecraft:red_mushroom":1,"alexsmobs:cachalot_whale_tooth":1,"gamma_beasts:thin_birch_log":3,"minecraft:oak_log":36,"gamma_beasts:green_apple":48,"minecraft:chainmail_chestplate":1,"minecraft:ancient_debris":1,"iceandfire:ectoplasm":6,"minecraft:golden_boots":1,"minecraft:nether_wart_block":1,"minecraft:gunpowder":19,"iceandfire:myrmex_resin_jungle":22,"minecraft:blue_bed":2,"minecraft:white_banner":4,"minecraft:cooked_mutton":25,"minecraft:red_carpet":1,"minecraft:stone_bricks":32,"iceandfire:pixie_jar_empty":2,"minecraft:kelp":10,"minecraft:iron_ingot":14,"minecraft:stone_pickaxe":2,"minecraft:cooked_chicken":1,"minecraft:cobweb":2,"minecraft:glass_bottle":2,"minecraft:iron_sword":4,"minecraft:acacia_sapling":5,"minecraft:soul_sand":2,"iceandfire:copper_nugget":50,"minecraft:dark_oak_slab":1,"minecraft:emerald_block":4,"minecraft:quartz":3,"minecraft:dripstone_block":3,"minecraft:gravel":11,"minecraft:white_bed":18,"minecraft:spider_eye":15,"minecraft:leather_helmet":1,"iceandfire:silver_pickaxe":1,"minecraft:stone_axe":2,"iceandfire:silver_sword":10,"minecraft:chainmail_leggings":4,"minecraft:iron_helmet":6,"iceandfire:myrmex_jungle_egg":9,"minecraft:mossy_cobblestone_stairs":5,"minecraft:warped_roots":7,"minecraft:coal":149,"minecraft:ender_pearl":4},"minecraft:mined":{"gamma_beasts:roble_hoja_1":2,"minecraft:white_bed":14,"gamma_beasts:jungla_hoja_1":10,"iceandfire:copper_pile":6,"minecraft:jungle_leaves":1,"minecraft:brewing_stand":1,"minecraft:granite":5,"minecraft:acacia_log":4,"minecraft:grass_block":25,"minecraft:jungle_log":5,"minecraft:spawner":27,"minecraft:tall_seagrass":1,"minecraft:mossy_cobblestone_stairs":7,"minecraft:iron_ore":12,"minecraft:fire":51,"minecraft:azure_bluet":2,"minecraft:nether_brick_stairs":6,"minecraft:red_tulip":1,"minecraft:iron_bars":19,"minecraft:orange_bed":2,"iceandfire:chared_cobblestone":12,"minecraft:red_bed":3,"gamma_beasts:jungla_hoja":6,"minecraft:twisting_vines_plant":1,"iceandfire:myrmex_resin_jungle":3,"minecraft:torch":3,"minecraft:melon":12,"iceandfire:ghost_chest":2,"minecraft:chest":1,"minecraft:nether_quartz_ore":2,"minecraft:cobblestone":6,"minecraft:oak_planks":3,"minecraft:sugar_cane":4,"minecraft:wall_torch":5,"minecraft:skeleton_skull":1,"minecraft:warped_nylium":1,"minecraft:dark_oak_slab":1,"minecraft:nether_wart_block":1,"minecraft:birch_log":7,"minecraft:wheat":11,"minecraft:jukebox":1,"minecraft:warped_fungus":1,"minecraft:stone_brick_stairs":4,"minecraft:grass":244,"minecraft:oak_log":21,"minecraft:acacia_fence":1,"minecraft:sand":1,"minecraft:dirt":8,"minecraft:netherrack":68,"minecraft:oak_leaves":21,"minecraft:emerald_block":1,"iceandfire:chared_stone":10,"iceandfire:silver_ore":12,"minecraft:mossy_cobblestone":21,"minecraft:dark_oak_leaves":3,"gamma_beasts:roblo_hoja":5,"minecraft:nether_bricks":29,"minecraft:dark_oak_fence":5,"alexsmobs:leafcutter_ant_chamber":2,"minecraft:kelp":1,"minecraft:hay_block":62,"gamma_beasts:thin_birch_log":3,"minecraft:furnace":2,"minecraft:carrots":5,"minecraft:nether_sprouts":2,"gamma_beasts:prehnite_ore":2,"minecraft:andesite":10,"gamma_beasts:acacia_hoja":7,"minecraft:mossy_stone_brick_stairs":7,"minecraft:vine":28,"iceandfire:myrmex_resin_sticky_jungle":5,"minecraft:stone":119,"iceandfire:pixie_jar_empty":2,"minecraft:soul_sand":1,"minecraft:lily_of_the_valley":1,"minecraft:dandelion":1,"minecraft:crafting_table":2,"minecraft:warped_roots":4,"minecraft:tall_grass":62,"minecraft:lapis_ore":6,"minecraft:blue_bed":1,"gamma_beasts:abedul_hojas":6,"minecraft:lime_bed":1,"minecraft:coarse_dirt":1,"iceandfire:myrmex_jungle_biolight":2,"minecraft:birch_leaves":2,"gamma_beasts:thin_oak_log":17,"minecraft:coal_ore":51,"minecraft:gravel":3,"minecraft:dripstone_block":3,"minecraft:cobweb":2,"minecraft:cracked_stone_bricks":16,"minecraft:stone_bricks":6,"minecraft:mossy_stone_bricks":24,"minecraft:fern":7},"minecraft:killed":{"minecraft:cave_spider":1,"alexsmobs:lobster":2,"minecraft:spider":12,"gamma_beasts:radioactive_bear_a":1,"minecraft:skeleton":25,"gamma_beasts:banndu_a":1,"alexsmobs:leafcutter_ant":4,"gamma_beasts:crasu_c":1,"minecraft:chicken":1,"minecraft:silverfish":2,"gamma_beasts:diamond_golem_c":4,"minecraft:piglin_brute":2,"alexsmobs:kangaroo":1,"iceandfire:myrmex_worker":2,"minecraft:magma_cube":1,"minecraft:piglin":8,"minecraft:creeper":5,"gamma_beasts:radioactive_bear_c":1,"minecraft:sheep":11,"minecraft:pillager":14,"minecraft:zombie":61,"alexsmobs:terrapin":1,"minecraft:stray":15,"iceandfire:pixie":1,"alexsmobs:fly":1,"minecraft:cow":5,"minecraft:evoker":2,"minecraft:vex":4,"alexsmobs:raccoon":1,"minecraft:vindicator":3,"minecraft:drowned":1,"alexsmobs:flying_fish":1,"minecraft:squid":1,"gamma_beasts:diamond_golem_a":5,"alexsmobs:crocodile":1,"alexsmobs:cockroach":1,"iceandfire:myrmex_soldier":1,"iceandfire:ghost":5,"alexsmobs:gazelle":6,"gamma_beasts:pangolin_a":1,"minecraft:wither_skeleton":4,"fear_of_the_abyss:unknown":22,"minecraft:enderman":1},"minecraft:crafted":{"minecraft:oak_planks":90,"moonsweaponry:diamond_greatsword":1,"minecraft:cooked_mutton":20,"minecraft:bow":1,"minecraft:iron_boots":1,"moonsweaponry:stone_greatsword":4,"minecraft:chest":4,"minecraft:crafting_table":9,"minecraft:wooden_pickaxe":1,"minecraft:iron_helmet":1,"minecraft:copper_ingot":3,"moonsweaponry:iron_greatsword":1,"minecraft:birch_planks":34,"minecraft:shield":2,"minecraft:stick":28,"minecraft:iron_ingot":14,"minecraft:iron_pickaxe":1,"supertools:lapisboots":1,"supertools:lapischestplate":1,"minecraft:diamond":27,"minecraft:stone_pickaxe":1,"moonsweaponry:wooden_greatsword":4,"minecraft:wheat":549,"minecraft:cooked_beef":5,"alexsmobs:cooked_lobster_tail":3,"minecraft:air":0,"minecraft:bread":183,"minecraft:jungle_planks":8,"supertools:lapishelmet":1,"minecraft:wooden_axe":1,"minecraft:iron_leggings":1,"minecraft:white_bed":1,"minecraft:acacia_planks":16,"minecraft:torch":32,"supertools:lapisleggings":1},"minecraft:dropped":{"iceandfire:raw_silver":2,"minecraft:brown_mushroom":1,"minecraft:lapis_lazuli":22,"minecraft:glass_bottle":3,"minecraft:crafting_table":3,"alexsmobs:kangaroo_meat":1,"minecraft:warped_roots":1,"iceandfire:ectoplasm":3,"minecraft:cracked_stone_bricks":1,"minecraft:cod":1,"minecraft:flint":2,"minecraft:bone_meal":5,"minecraft:white_wool":3,"minecraft:blue_bed":1,"minecraft:bone":22,"minecraft:stone_axe":2,"minecraft:iron_nugget":28,"minecraft:wheat":4,"minecraft:pointed_dripstone":4,"minecraft:rotten_flesh":27,"minecraft:glowstone_dust":4,"minecraft:cooked_mutton":6,"alexsmobs:cachalot_whale_tooth":1,"alexsmobs:leafcutter_ant_pupa":1,"minecraft:tipped_arrow":2,"iceandfire:ghost_chest":1,"minecraft:gunpowder":1,"minecraft:acacia_sapling":2,"minecraft:iron_bars":4,"minecraft:arrow":32,"minecraft:beef":1,"minecraft:netherrack":34,"minecraft:iron_ingot":7,"minecraft:water_bucket":1,"minecraft:golden_boots":2,"minecraft:bread":39,"minecraft:wheat_seeds":8,"gamma_beasts:coal_nugget":1,"minecraft:cobblestone":63,"minecraft:golden_apple":2,"iceandfire:silver_sword":1,"iceandfire:myrmex_jungle_biolight":2,"alexsmobs:cooked_lobster_tail":2,"minecraft:melon_slice":7,"minecraft:white_banner":1,"minecraft:chainmail_leggings":1,"minecraft:string":25,"minecraft:acacia_planks":23,"minecraft:furnace":3,"minecraft:stone_sword":2,"iceandfire:witherbone":2,"minecraft:totem_of_undying":1,"minecraft:flint_and_steel":1,"minecraft:shield":2,"minecraft:andesite":2,"iceandfire:silver_ingot":2,"minecraft:oak_sapling":1,"moonsweaponry:wooden_greatsword":2,"minecraft:spider_eye":5,"minecraft:stone_bricks":2,"minecraft:wooden_pickaxe":1,"moonsweaponry:stone_greatsword":3,"minecraft:brick":2,"minecraft:nether_brick_stairs":1},"minecraft:used":{"moonsweaponry:diamond_greatsword":471,"minecraft:iron_shovel":21,"minecraft:poppy":1,"minecraft:chest":5,"minecraft:shield":27,"minecraft:iron_sword":247,"minecraft:rotten_flesh":9,"minecraft:iron_chestplate":3,"minecraft:soul_sand":1,"minecraft:lily_of_the_valley":1,"minecraft:nether_bricks":46,"minecraft:carrot":23,"minecraft:azure_bluet":1,"gamma_beasts:pear":18,"alexsmobs:cooked_lobster_tail":1,"iceandfire:ghost_chest":2,"minecraft:iron_helmet":1,"minecraft:stone_brick_stairs":4,"minecraft:stone_bricks":17,"minecraft:bow":4,"minecraft:furnace":3,"minecraft:acacia_fence":1,"minecraft:egg":8,"iceandfire:pixie_jar_empty":1,"minecraft:mossy_stone_bricks":11,"minecraft:leather_leggings":1,"minecraft:stone_pickaxe":152,"minecraft:oak_planks":16,"minecraft:blackstone":4,"minecraft:wooden_pickaxe":43,"minecraft:mossy_stone_brick_stairs":2,"minecraft:blue_bed":1,"minecraft:golden_apple":9,"minecraft:sand":1,"minecraft:crossbow":7,"iceandfire:silver_pickaxe":62,"gamma_beasts:kiwi":16,"moonsweaponry:wooden_greatsword":80,"minecraft:melon_slice":62,"minecraft:bread":86,"supertools:lapishelmet":1,"minecraft:deepslate":1,"minecraft:gravel":2,"iceandfire:myrmex_resin_jungle":11,"minecraft:diamond_sword":58,"minecraft:wooden_sword":87,"minecraft:chainmail_boots":1,"minecraft:andesite":5,"gamma_beasts:lemon":9,"minecraft:iron_bars":35,"minecraft:stone_sword":4,"iceandfire:silver_sword":71,"minecraft:flint_and_steel":1,"minecraft:tropical_fish":1,"gamma_beasts:green_apple":39,"minecraft:cooked_chicken":4,"minecraft:netherrack":84,"minecraft:orange_bed":2,"minecraft:torch":263,"minecraft:dirt":38,"iceandfire:copper_sword":3,"minecraft:granite":4,"minecraft:nether_brick_stairs":1,"minecraft:mossy_cobblestone_stairs":1,"minecraft:wooden_axe":35,"alexsmobs:maggot":2,"minecraft:iron_axe":29,"moonsweaponry:iron_greatsword":163,"minecraft:iron_boots":1,"moonsweaponry:stone_greatsword":302,"minecraft:basalt":2,"minecraft:cooked_beef":18,"minecraft:iron_leggings":1,"minecraft:wheat_seeds":25,"minecraft:cooked_mutton":6,"minecraft:water_bucket":8,"minecraft:birch_planks":2,"minecraft:glass_bottle":1,"minecraft:polished_andesite":41,"minecraft:red_nether_bricks":4,"minecraft:leather_boots":1,"minecraft:polished_blackstone_bricks":41,"minecraft:cracked_stone_bricks":1,"supertools:lapisleggings":1,"minecraft:salmon":7,"minecraft:mossy_cobblestone":17,"minecraft:tnt":6,"minecraft:crafting_table":9,"minecraft:red_bed":3,"minecraft:white_bed":13,"minecraft:diamond_pickaxe":9,"minecraft:apple":5,"minecraft:cracked_polished_blackstone_bricks":10,"minecraft:iron_pickaxe":252,"minecraft:stone_axe":6,"iceandfire:myrmex_jungle_egg":1,"minecraft:cobblestone":111,"minecraft:potion":3,"minecraft:white_banner":3,"minecraft:cooked_porkchop":4,"minecraft:bucket":10,"iceandfire:myrmex_resin_sticky_jungle":8,"minecraft:jukebox":1,"alexsmobs:emu_egg":1},"minecraft:broken":{"moonsweaponry:wooden_greatsword":1,"minecraft:iron_chestplate":1,"minecraft:stone_pickaxe":1,"minecraft:chainmail_chestplate":1,"minecraft:wooden_sword":1,"minecraft:iron_sword":1,"minecraft:wooden_axe":1,"minecraft:golden_chestplate":1,"minecraft:iron_axe":1},"minecraft:killed_by":{"minecraft:wither_skeleton":1,"minecraft:piglin_brute":2,"minecraft:piglin":1,"alexsmobs:crocodile":2,"iceandfire:myrmex_queen":1,"minecraft:zombie":1,"gamma_beasts:diamond_golem_a":1,"iceandfire:myrmex_soldier":1,"fear_of_the_abyss:unknown":1,"iceandfire:fire_dragon":8,"minecraft:player":1,"iceandfire:gorgon":2,"minecraft:skeleton":2,"iceandfire:ghost":3}},"DataVersion":3465}