{"stats":{"minecraft:custom":{"minecraft:mob_kills":47,"minecraft:interact_with_crafting_table":11,"minecraft:leave_game":8,"minecraft:time_since_death":21619,"minecraft:climb_one_cm":4140,"minecraft:sprint_one_cm":260685,"minecraft:walk_one_cm":387267,"minecraft:damage_blocked_by_shield":390,"minecraft:drop":52,"minecraft:damage_dealt_absorbed":17,"minecraft:play_time":150473,"minecraft:deaths":13,"minecraft:sneak_time":22344,"minecraft:walk_under_water_one_cm":35894,"minecraft:boat_one_cm":6015,"minecraft:jump":2424,"minecraft:walk_on_water_one_cm":41693,"minecraft:total_world_time":150473,"minecraft:interact_with_furnace":18,"minecraft:sleep_in_bed":7,"minecraft:time_since_rest":14087,"minecraft:waystone_activated":1,"minecraft:damage_taken":2147483647,"minecraft:trigger_trapped_chest":3,"minecraft:damage_dealt":11872,"minecraft:swim_one_cm":48039,"minecraft:fly_one_cm":466862,"minecraft:open_chest":18,"minecraft:crouch_one_cm":68085,"minecraft:fall_one_cm":55853},"minecraft:picked_up":{"gamma_beasts:thin_oak_log":5,"iceandfire:dragon_skull_lightning":2,"minecraft:cocoa_beans":27,"minecraft:crafting_table":3,"minecraft:coarse_dirt":8,"minecraft:wheat":2,"minecraft:wooden_pickaxe":1,"iceandfire:myrmex_jungle_chitin":12,"minecraft:brewing_stand":1,"minecraft:shield":8,"supertools:lapisleggings":1,"alexsmobs:gazelle_horn":6,"iceandfire:manuscript":4,"minecraft:string":15,"minecraft:raw_copper":29,"minecraft:wooden_sword":4,"iceandfire:graveyard_soil":7,"minecraft:cracked_stone_bricks":2,"minecraft:gold_nugget":18,"moonsweaponry:iron_greatsword":3,"minecraft:iron_nugget":32,"minecraft:iron_pickaxe":1,"minecraft:light_gray_wool":3,"minecraft:melon_slice":76,"minecraft:sugar_cane":3,"alexsmobs:cooked_lobster_tail":2,"minecraft:furnace":9,"minecraft:egg":1,"minecraft:stick":2,"minecraft:raw_iron":11,"iceandfire:dragonbone":70,"minecraft:copper_ingot":3,"minecraft:torch":18,"sophisticatedbackpacks:backpack":2,"minecraft:fire_charge":2,"iceandfire:myrmex_resin_sticky_jungle":16,"supertools:lapishelmet":1,"alexsmobs:leafcutter_ant_pupa":1,"supertools:lapisboots":1,"minecraft:orange_bed":1,"iceandfire:silver_ingot":3,"minecraft:stone_sword":3,"minecraft:rotten_flesh":10,"minecraft:tropical_fish":4,"gamma_beasts:kiwi":6,"minecraft:hay_block":26,"gamma_beasts:coal_nugget":14,"minecraft:mutton":18,"minecraft:bone_block":6,"alexsmobs:lobster_tail":3,"alexsmobs:flying_fish":3,"minecraft:white_wool":7,"minecraft:cobblestone":110,"minecraft:water_bucket":1,"minecraft:andesite":4,"minecraft:jungle_log":5,"minecraft:red_mushroom":1,"gamma_beasts:prehnite":1,"alexsmobs:cachalot_whale_tooth":1,"minecraft:oak_log":20,"iceandfire:ectoplasm":6,"minecraft:gunpowder":4,"iceandfire:myrmex_resin_jungle":19,"minecraft:lapis_lazuli":46,"minecraft:dirt":78,"minecraft:blue_bed":1,"minecraft:cooked_mutton":25,"minecraft:bone":18,"minecraft:acacia_planks":23,"minecraft:stone_bricks":5,"minecraft:kelp":10,"minecraft:wheat_seeds":10,"minecraft:iron_ingot":8,"minecraft:stone_pickaxe":2,"minecraft:acacia_sapling":5,"iceandfire:copper_nugget":50,"minecraft:cooked_porkchop":5,"minecraft:quartz":3,"minecraft:gravel":1,"minecraft:sand":1,"minecraft:white_bed":9,"alexsmobs:animal_dictionary":2,"minecraft:spider_eye":1,"minecraft:stone_axe":2,"iceandfire:silver_sword":10,"iceandfire:myrmex_jungle_egg":6,"minecraft:granite":4,"iceandfire:myrmex_jungle_biolight":2,"minecraft:warped_roots":5,"iceandfire:gorgon_head":1,"alexsmobs:maggot":1,"minecraft:oak_sapling":1,"minecraft:netherrack":67,"minecraft:coal":110,"iceandfire:raw_silver":8},"minecraft:mined":{"minecraft:white_bed":5,"iceandfire:silver_ore":8,"iceandfire:copper_pile":6,"minecraft:jungle_leaves":1,"minecraft:brewing_stand":1,"minecraft:granite":4,"minecraft:grass_block":11,"minecraft:jungle_log":5,"alexsmobs:leafcutter_ant_chamber":2,"minecraft:kelp":1,"minecraft:hay_block":27,"minecraft:furnace":1,"minecraft:iron_ore":11,"minecraft:fire":5,"minecraft:andesite":2,"minecraft:vine":3,"iceandfire:myrmex_resin_sticky_jungle":5,"minecraft:stone":25,"minecraft:orange_bed":1,"iceandfire:myrmex_resin_jungle":3,"minecraft:melon":7,"minecraft:warped_roots":3,"minecraft:nether_quartz_ore":2,"minecraft:tall_grass":21,"minecraft:lapis_ore":6,"minecraft:sugar_cane":1,"minecraft:warped_nylium":1,"minecraft:coarse_dirt":1,"minecraft:wheat":2,"iceandfire:myrmex_jungle_biolight":2,"gamma_beasts:thin_oak_log":5,"minecraft:grass":113,"minecraft:oak_log":5,"minecraft:coal_ore":50,"minecraft:gravel":1,"minecraft:sand":1,"minecraft:dirt":7,"minecraft:cobweb":2,"minecraft:netherrack":64,"minecraft:oak_leaves":10,"minecraft:fern":5},"minecraft:killed":{"alexsmobs:lobster":2,"alexsmobs:raccoon":1,"minecraft:spider":1,"minecraft:skeleton":4,"gamma_beasts:banndu_a":1,"alexsmobs:leafcutter_ant":4,"minecraft:silverfish":2,"alexsmobs:flying_fish":1,"iceandfire:myrmex_worker":2,"minecraft:piglin":1,"minecraft:creeper":3,"gamma_beasts:radioactive_bear_c":1,"minecraft:sheep":5,"minecraft:zombie":6,"iceandfire:myrmex_soldier":1,"alexsmobs:cockroach":1,"iceandfire:ghost":4,"alexsmobs:gazelle":4,"alexsmobs:fly":1},"minecraft:used":{"minecraft:stone_sword":4,"iceandfire:silver_sword":71,"minecraft:tropical_fish":1,"minecraft:shield":9,"minecraft:netherrack":6,"minecraft:rotten_flesh":4,"minecraft:orange_bed":1,"minecraft:torch":34,"minecraft:dirt":32,"minecraft:granite":4,"alexsmobs:maggot":1,"alexsmobs:cooked_lobster_tail":1,"moonsweaponry:iron_greatsword":152,"minecraft:stone_bricks":1,"minecraft:furnace":2,"minecraft:egg":1,"minecraft:cooked_mutton":6,"minecraft:water_bucket":4,"minecraft:stone_pickaxe":132,"minecraft:wooden_pickaxe":13,"supertools:lapisleggings":1,"minecraft:sand":1,"minecraft:crafting_table":2,"minecraft:white_bed":6,"gamma_beasts:kiwi":4,"minecraft:bread":5,"minecraft:iron_pickaxe":40,"minecraft:melon_slice":43,"supertools:lapishelmet":1,"minecraft:gravel":1,"iceandfire:myrmex_resin_jungle":11,"minecraft:wooden_sword":87,"minecraft:cobblestone":9,"minecraft:cooked_porkchop":4,"minecraft:bucket":5,"iceandfire:myrmex_resin_sticky_jungle":8},"minecraft:crafted":{"minecraft:oak_planks":10,"supertools:lapisboots":1,"minecraft:cooked_mutton":12,"supertools:lapischestplate":1,"minecraft:stone_pickaxe":1,"minecraft:wheat":234,"alexsmobs:cooked_lobster_tail":3,"minecraft:crafting_table":2,"minecraft:copper_ingot":3,"moonsweaponry:iron_greatsword":1,"minecraft:bread":78,"minecraft:air":0,"minecraft:jungle_planks":8,"supertools:lapishelmet":1,"minecraft:stick":16,"minecraft:iron_ingot":14,"minecraft:iron_pickaxe":1,"minecraft:white_bed":1,"minecraft:torch":32,"supertools:lapisleggings":1},"minecraft:dropped":{"minecraft:bread":1,"minecraft:iron_ingot":7,"iceandfire:raw_silver":2,"minecraft:wheat_seeds":3,"minecraft:lapis_lazuli":22,"minecraft:crafting_table":2,"minecraft:cobblestone":62,"iceandfire:ectoplasm":3,"minecraft:cracked_stone_bricks":1,"iceandfire:myrmex_jungle_biolight":2,"iceandfire:silver_sword":1,"alexsmobs:cooked_lobster_tail":2,"minecraft:string":11,"minecraft:white_wool":2,"minecraft:acacia_planks":23,"minecraft:blue_bed":1,"minecraft:bone":5,"minecraft:furnace":3,"minecraft:stone_axe":1,"minecraft:iron_nugget":28,"minecraft:stone_sword":2,"minecraft:wheat":4,"minecraft:rotten_flesh":11,"minecraft:cooked_mutton":6,"alexsmobs:cachalot_whale_tooth":1,"alexsmobs:leafcutter_ant_pupa":1,"minecraft:andesite":2,"iceandfire:silver_ingot":2,"minecraft:acacia_sapling":2,"minecraft:oak_sapling":1,"minecraft:stone_bricks":2},"minecraft:broken":{"minecraft:stone_pickaxe":1,"minecraft:wooden_sword":1},"minecraft:killed_by":{"minecraft:player":1,"iceandfire:gorgon":2,"alexsmobs:crocodile":2,"iceandfire:myrmex_queen":1,"minecraft:zombie":1,"iceandfire:ghost":3,"iceandfire:myrmex_soldier":1}},"DataVersion":3465}