{"stats":{"minecraft:custom":{"minecraft:interact_with_furnace":7,"minecraft:mob_kills":16,"minecraft:interact_with_crafting_table":2,"minecraft:leave_game":7,"minecraft:time_since_death":11993,"minecraft:sleep_in_bed":3,"minecraft:climb_one_cm":1424,"minecraft:time_since_rest":3128,"minecraft:sprint_one_cm":75333,"minecraft:damage_taken":1816,"minecraft:walk_one_cm":120665,"minecraft:trigger_trapped_chest":3,"minecraft:drop":14,"minecraft:damage_dealt":2877,"minecraft:swim_one_cm":11450,"minecraft:fly_one_cm":146755,"minecraft:open_chest":3,"minecraft:crouch_one_cm":17112,"minecraft:play_time":48770,"minecraft:deaths":5,"minecraft:sneak_time":6573,"minecraft:walk_under_water_one_cm":10496,"minecraft:boat_one_cm":6015,"minecraft:jump":777,"minecraft:walk_on_water_one_cm":9526,"minecraft:total_world_time":48770,"minecraft:fall_one_cm":19186},"minecraft:picked_up":{"minecraft:cocoa_beans":27,"minecraft:coarse_dirt":8,"minecraft:crafting_table":3,"minecraft:jungle_log":5,"alexsmobs:cachalot_whale_tooth":1,"minecraft:oak_log":20,"iceandfire:ectoplasm":6,"minecraft:shield":1,"minecraft:string":1,"iceandfire:manuscript":4,"minecraft:dirt":23,"minecraft:blue_bed":1,"minecraft:wooden_sword":4,"minecraft:cooked_mutton":12,"minecraft:bone":8,"minecraft:acacia_planks":23,"minecraft:kelp":5,"iceandfire:graveyard_soil":7,"minecraft:wheat_seeds":6,"minecraft:iron_nugget":28,"minecraft:light_gray_wool":3,"minecraft:sugar_cane":3,"minecraft:acacia_sapling":2,"minecraft:furnace":1,"minecraft:egg":1,"minecraft:cooked_porkchop":5,"minecraft:white_bed":6,"alexsmobs:leafcutter_ant_pupa":1,"minecraft:spider_eye":1,"alexsmobs:animal_dictionary":2,"iceandfire:silver_ingot":3,"minecraft:stone_sword":1,"iceandfire:silver_sword":1,"minecraft:oak_sapling":1,"minecraft:mutton":12,"minecraft:white_wool":7,"alexsmobs:lobster_tail":3},"minecraft:mined":{"minecraft:white_bed":3,"minecraft:jungle_leaves":1,"minecraft:grass_block":9,"minecraft:jungle_log":5,"alexsmobs:leafcutter_ant_chamber":2,"minecraft:tall_grass":17,"minecraft:sugar_cane":1,"minecraft:coarse_dirt":1,"minecraft:fire":4,"minecraft:grass":64,"minecraft:oak_log":5,"minecraft:vine":2,"minecraft:dirt":2,"minecraft:cobweb":2,"minecraft:oak_leaves":6,"minecraft:fern":5},"minecraft:crafted":{"alexsmobs:cooked_lobster_tail":1,"minecraft:crafting_table":1,"minecraft:cooked_mutton":12,"minecraft:air":0,"minecraft:jungle_planks":8,"minecraft:white_bed":1},"minecraft:dropped":{"minecraft:iron_nugget":28,"minecraft:stone_sword":1,"minecraft:crafting_table":2,"iceandfire:ectoplasm":3,"minecraft:cooked_mutton":6,"alexsmobs:cachalot_whale_tooth":1,"alexsmobs:leafcutter_ant_pupa":1,"iceandfire:silver_sword":1,"iceandfire:silver_ingot":2,"minecraft:oak_sapling":1,"minecraft:white_wool":2,"minecraft:acacia_planks":23,"minecraft:blue_bed":1,"minecraft:bone":5},"minecraft:killed":{"alexsmobs:lobster":2,"minecraft:creeper":1,"minecraft:sheep":5,"iceandfire:ghost":2,"alexsmobs:leafcutter_ant":4,"minecraft:silverfish":2},"minecraft:used":{"minecraft:cooked_mutton":1,"iceandfire:silver_sword":14,"minecraft:crafting_table":1,"minecraft:white_bed":4,"alexsmobs:cooked_lobster_tail":1,"minecraft:wooden_sword":87,"minecraft:cooked_porkchop":4,"minecraft:egg":1},"minecraft:broken":{"minecraft:wooden_sword":1},"minecraft:killed_by":{"minecraft:player":1,"minecraft:zombie":1,"iceandfire:ghost":2}},"DataVersion":3465}