{"stats":{"minecraft:picked_up":{"minecraft:wheat_seeds":1,"minecraft:dirt":3},"minecraft:mined":{"minecraft:tall_grass":5,"minecraft:grass":8,"minecraft:grass_block":4},"minecraft:custom":{"minecraft:jump":19,"minecraft:time_since_rest":3617,"minecraft:crouch_one_cm":136,"minecraft:leave_game":3,"minecraft:play_time":3617,"minecraft:damage_taken":14,"minecraft:time_since_death":3617,"minecraft:walk_one_cm":1813,"minecraft:sneak_time":636,"minecraft:total_world_time":3617,"minecraft:fly_one_cm":52}},"DataVersion":3465}