{"stats":{"minecraft:custom":{"minecraft:interact_with_crafting_table":23,"minecraft:eat_cake_slice":1,"minecraft:leave_game":9,"minecraft:time_since_death":678,"minecraft:sprint_one_cm":602922,"minecraft:damage_blocked_by_shield":868,"minecraft:drop":72,"minecraft:play_time":309137,"minecraft:deaths":29,"minecraft:jump":4896,"minecraft:walk_on_water_one_cm":94928,"minecraft:interact_with_furnace":26,"minecraft:sleep_in_bed":16,"minecraft:waystone_activated":1,"minecraft:damage_dealt":25675,"minecraft:crouch_one_cm":180546,"minecraft:mob_kills":99,"minecraft:climb_one_cm":6204,"minecraft:walk_one_cm":789612,"minecraft:damage_dealt_absorbed":17,"minecraft:raid_win":1,"minecraft:sneak_time":55465,"minecraft:walk_under_water_one_cm":71409,"minecraft:boat_one_cm":6015,"minecraft:total_world_time":309137,"minecraft:raid_trigger":1,"minecraft:time_since_rest":713,"minecraft:damage_taken":2147483647,"minecraft:trigger_trapped_chest":4,"minecraft:swim_one_cm":105257,"minecraft:fly_one_cm":959455,"minecraft:open_chest":74,"minecraft:fall_one_cm":115401},"minecraft:picked_up":{"minecraft:wooden_axe":1,"gamma_beasts:thin_oak_log":10,"minecraft:iron_chestplate":1,"minecraft:wheat":2,"iceandfire:copper_sword":5,"gamma_beasts:fur":7,"minecraft:lead":1,"minecraft:wither_rose":2,"iceandfire:myrmex_jungle_chitin":19,"minecraft:brewing_stand":1,"supertools:lapisleggings":1,"iceandfire:manuscript":4,"alexsmobs:gazelle_horn":6,"minecraft:string":15,"minecraft:raw_copper":29,"minecraft:gold_nugget":18,"moonsweaponry:iron_greatsword":3,"minecraft:iron_pickaxe":3,"minecraft:melon_slice":117,"minecraft:iron_boots":2,"minecraft:furnace":12,"minecraft:stick":9,"gamma_beasts:jungle_leaf":8,"iceandfire:ghost_chest":2,"minecraft:jukebox":1,"minecraft:torch":30,"iceandfire:myrmex_resin_sticky_jungle":17,"minecraft:warped_planks":14,"minecraft:golden_chestplate":1,"minecraft:orange_bed":1,"minecraft:stone_sword":3,"minecraft:rotten_flesh":53,"minecraft:tropical_fish":4,"gamma_beasts:kiwi":6,"gamma_beasts:coal_nugget":16,"alexsmobs:emu_egg":1,"minecraft:iron_bars":10,"alexsmobs:flying_fish":3,"alexsmobs:lobster_tail":3,"minecraft:cobblestone":168,"minecraft:birch_log":7,"minecraft:feather":2,"minecraft:cooked_beef":6,"minecraft:jungle_log":5,"minecraft:water_bucket":1,"minecraft:andesite":4,"minecraft:dark_oak_boat":6,"gamma_beasts:prehnite":3,"minecraft:lapis_lazuli":46,"minecraft:dirt":104,"minecraft:twisting_vines":1,"minecraft:leather_boots":1,"minecraft:bone":32,"minecraft:acacia_planks":23,"iceandfire:myrmex_jungle_resin":2,"minecraft:bow":2,"minecraft:wheat_seeds":41,"minecraft:mossy_stone_bricks":72,"minecraft:cooked_porkchop":5,"minecraft:music_disc_13":1,"minecraft:sand":1,"iceandfire:myrmex_stinger":1,"alexsmobs:animal_dictionary":2,"minecraft:mossy_cobblestone":4,"minecraft:sugar":2,"minecraft:diamond":8,"minecraft:deepslate":3,"minecraft:cracked_polished_blackstone_bricks":2,"minecraft:crossbow":9,"minecraft:granite":4,"minecraft:bone_meal":3,"minecraft:golden_apple":4,"moonsweaponry:wooden_greatsword":1,"alexsmobs:maggot":1,"iceandfire:myrmex_jungle_biolight":2,"minecraft:bread":174,"minecraft:emerald":1,"iceandfire:gorgon_head":1,"minecraft:oak_sapling":1,"minecraft:netherrack":67,"minecraft:dark_oak_fence":20,"iceandfire:raw_silver":12,"minecraft:crafting_table":5,"iceandfire:dragon_skull_lightning":2,"minecraft:cocoa_beans":27,"minecraft:coarse_dirt":8,"minecraft:azure_bluet":1,"minecraft:chicken":1,"minecraft:leather_leggings":6,"minecraft:wooden_pickaxe":1,"minecraft:shield":9,"minecraft:iron_axe":1,"minecraft:red_bed":4,"minecraft:wooden_sword":4,"minecraft:iron_shovel":3,"minecraft:blackstone":3,"iceandfire:graveyard_soil":7,"minecraft:cracked_stone_bricks":3,"minecraft:beef":3,"minecraft:jungle_sapling":3,"minecraft:iron_nugget":32,"minecraft:light_gray_wool":3,"alexsmobs:cooked_lobster_tail":2,"minecraft:sugar_cane":7,"minecraft:chest":1,"minecraft:phantom_membrane":6,"gamma_beasts:lemon":10,"minecraft:egg":2,"minecraft:raw_iron":11,"iceandfire:dragonbone":91,"minecraft:copper_ingot":3,"sophisticatedbackpacks:backpack":2,"minecraft:fire_charge":2,"minecraft:polished_blackstone_bricks":3,"supertools:lapishelmet":1,"supertools:copperleggings":1,"alexsmobs:leafcutter_ant_pupa":1,"moonsweaponry:stone_greatsword":2,"alexsmobs:crocodile_scute":9,"supertools:lapisboots":1,"minecraft:dark_oak_planks":10,"iceandfire:silver_ingot":3,"minecraft:arrow":32,"minecraft:hay_block":61,"minecraft:saddle":3,"minecraft:mutton":34,"iceandfire:jungle_myrmex_cocoon":2,"minecraft:white_wool":20,"minecraft:bone_block":6,"minecraft:skeleton_skull":3,"minecraft:lime_bed":1,"minecraft:red_mushroom":1,"alexsmobs:cachalot_whale_tooth":1,"minecraft:oak_log":29,"gamma_beasts:green_apple":8,"iceandfire:ectoplasm":6,"minecraft:gunpowder":10,"iceandfire:myrmex_resin_jungle":22,"minecraft:blue_bed":2,"minecraft:white_banner":4,"minecraft:cooked_mutton":25,"minecraft:stone_bricks":10,"iceandfire:pixie_jar_empty":2,"minecraft:kelp":10,"minecraft:iron_ingot":11,"minecraft:stone_pickaxe":2,"minecraft:cobweb":1,"minecraft:acacia_sapling":5,"iceandfire:copper_nugget":50,"minecraft:emerald_block":3,"minecraft:dark_oak_slab":1,"minecraft:quartz":3,"minecraft:gravel":10,"minecraft:white_bed":14,"minecraft:spider_eye":4,"minecraft:leather_helmet":1,"iceandfire:silver_pickaxe":1,"minecraft:stone_axe":2,"iceandfire:silver_sword":10,"minecraft:chainmail_leggings":1,"iceandfire:myrmex_jungle_egg":9,"minecraft:warped_roots":5,"minecraft:coal":119,"minecraft:ender_pearl":2},"minecraft:mined":{"minecraft:white_bed":11,"gamma_beasts:jungla_hoja_1":10,"iceandfire:copper_pile":6,"minecraft:jungle_leaves":1,"minecraft:brewing_stand":1,"minecraft:granite":4,"minecraft:grass_block":21,"minecraft:jungle_log":5,"minecraft:spawner":14,"minecraft:tall_seagrass":1,"minecraft:iron_ore":11,"minecraft:fire":19,"minecraft:azure_bluet":1,"minecraft:red_tulip":1,"minecraft:iron_bars":13,"minecraft:orange_bed":1,"minecraft:red_bed":3,"gamma_beasts:jungla_hoja":6,"minecraft:twisting_vines_plant":1,"iceandfire:myrmex_resin_jungle":3,"minecraft:melon":12,"iceandfire:ghost_chest":2,"minecraft:chest":1,"minecraft:nether_quartz_ore":2,"minecraft:cobblestone":1,"minecraft:sugar_cane":1,"minecraft:wall_torch":4,"minecraft:skeleton_skull":1,"minecraft:warped_nylium":1,"minecraft:dark_oak_slab":1,"minecraft:birch_log":7,"minecraft:wheat":2,"minecraft:jukebox":1,"minecraft:warped_fungus":1,"minecraft:grass":194,"minecraft:oak_log":14,"minecraft:sand":1,"minecraft:dirt":7,"minecraft:netherrack":64,"minecraft:oak_leaves":13,"minecraft:emerald_block":1,"iceandfire:silver_ore":12,"minecraft:dark_oak_fence":5,"alexsmobs:leafcutter_ant_chamber":2,"minecraft:kelp":1,"minecraft:hay_block":62,"minecraft:furnace":2,"gamma_beasts:prehnite_ore":2,"minecraft:andesite":2,"minecraft:vine":6,"iceandfire:myrmex_resin_sticky_jungle":5,"minecraft:stone":79,"iceandfire:pixie_jar_empty":2,"minecraft:crafting_table":2,"minecraft:warped_roots":3,"minecraft:tall_grass":45,"minecraft:lapis_ore":6,"minecraft:blue_bed":1,"minecraft:lime_bed":1,"minecraft:coarse_dirt":1,"iceandfire:myrmex_jungle_biolight":2,"gamma_beasts:thin_oak_log":10,"minecraft:coal_ore":50,"minecraft:gravel":2,"minecraft:cobweb":2,"minecraft:cracked_stone_bricks":3,"minecraft:stone_bricks":3,"minecraft:mossy_stone_bricks":2,"minecraft:fern":7},"minecraft:killed":{"alexsmobs:lobster":2,"minecraft:spider":1,"minecraft:skeleton":7,"gamma_beasts:banndu_a":1,"alexsmobs:leafcutter_ant":4,"minecraft:chicken":1,"minecraft:silverfish":2,"gamma_beasts:diamond_golem_c":1,"iceandfire:myrmex_worker":2,"minecraft:piglin":2,"minecraft:creeper":3,"minecraft:sheep":11,"gamma_beasts:radioactive_bear_c":1,"minecraft:pillager":14,"minecraft:zombie":17,"alexsmobs:fly":1,"alexsmobs:raccoon":1,"minecraft:vindicator":1,"alexsmobs:flying_fish":1,"alexsmobs:cockroach":1,"iceandfire:myrmex_soldier":1,"alexsmobs:crocodile":1,"iceandfire:ghost":5,"alexsmobs:gazelle":6,"minecraft:wither_skeleton":1,"fear_of_the_abyss:unknown":8},"minecraft:used":{"minecraft:iron_shovel":9,"minecraft:chest":1,"minecraft:shield":18,"minecraft:rotten_flesh":4,"alexsmobs:cooked_lobster_tail":1,"iceandfire:ghost_chest":2,"minecraft:stone_bricks":1,"minecraft:bow":4,"minecraft:furnace":2,"minecraft:egg":8,"iceandfire:pixie_jar_empty":1,"minecraft:leather_leggings":1,"minecraft:stone_pickaxe":152,"minecraft:oak_planks":2,"minecraft:blackstone":3,"minecraft:wooden_pickaxe":39,"minecraft:blue_bed":1,"minecraft:sand":1,"minecraft:crossbow":7,"iceandfire:silver_pickaxe":62,"gamma_beasts:kiwi":4,"moonsweaponry:wooden_greatsword":80,"minecraft:melon_slice":62,"minecraft:bread":72,"supertools:lapishelmet":1,"minecraft:gravel":1,"iceandfire:myrmex_resin_jungle":11,"minecraft:wooden_sword":87,"minecraft:andesite":2,"gamma_beasts:lemon":9,"minecraft:iron_bars":6,"minecraft:stone_sword":4,"iceandfire:silver_sword":71,"minecraft:tropical_fish":1,"minecraft:netherrack":33,"minecraft:orange_bed":1,"minecraft:torch":52,"minecraft:dirt":36,"iceandfire:copper_sword":3,"minecraft:granite":4,"minecraft:wooden_axe":35,"alexsmobs:maggot":1,"minecraft:iron_axe":2,"moonsweaponry:iron_greatsword":163,"moonsweaponry:stone_greatsword":198,"minecraft:cooked_mutton":6,"minecraft:water_bucket":8,"minecraft:leather_boots":1,"supertools:lapisleggings":1,"minecraft:crafting_table":7,"minecraft:red_bed":3,"minecraft:white_bed":9,"minecraft:cracked_polished_blackstone_bricks":2,"minecraft:iron_pickaxe":40,"iceandfire:myrmex_jungle_egg":1,"minecraft:cobblestone":43,"minecraft:white_banner":3,"minecraft:cooked_porkchop":4,"minecraft:bucket":10,"iceandfire:myrmex_resin_sticky_jungle":8,"minecraft:jukebox":1,"alexsmobs:emu_egg":1},"minecraft:crafted":{"minecraft:oak_planks":56,"minecraft:cooked_mutton":20,"minecraft:bow":1,"moonsweaponry:stone_greatsword":4,"minecraft:crafting_table":7,"minecraft:wooden_pickaxe":1,"minecraft:copper_ingot":3,"moonsweaponry:iron_greatsword":1,"minecraft:birch_planks":28,"minecraft:shield":2,"minecraft:stick":28,"minecraft:iron_ingot":14,"minecraft:iron_pickaxe":1,"supertools:lapisboots":1,"supertools:lapischestplate":1,"minecraft:stone_pickaxe":1,"moonsweaponry:wooden_greatsword":4,"minecraft:wheat":549,"minecraft:cooked_beef":5,"alexsmobs:cooked_lobster_tail":3,"minecraft:bread":183,"minecraft:air":0,"minecraft:jungle_planks":8,"supertools:lapishelmet":1,"minecraft:wooden_axe":1,"minecraft:white_bed":1,"minecraft:torch":32,"supertools:lapisleggings":1},"minecraft:dropped":{"iceandfire:raw_silver":2,"minecraft:lapis_lazuli":22,"minecraft:crafting_table":2,"iceandfire:ectoplasm":3,"minecraft:cracked_stone_bricks":1,"minecraft:white_wool":3,"minecraft:blue_bed":1,"minecraft:bone":5,"minecraft:stone_axe":1,"minecraft:iron_nugget":28,"minecraft:wheat":4,"minecraft:rotten_flesh":11,"minecraft:cooked_mutton":6,"alexsmobs:cachalot_whale_tooth":1,"alexsmobs:leafcutter_ant_pupa":1,"minecraft:acacia_sapling":2,"minecraft:arrow":5,"minecraft:netherrack":34,"minecraft:golden_boots":1,"minecraft:water_bucket":1,"minecraft:iron_ingot":7,"minecraft:bread":35,"minecraft:wheat_seeds":5,"minecraft:cobblestone":62,"minecraft:golden_apple":2,"iceandfire:myrmex_jungle_biolight":2,"iceandfire:silver_sword":1,"alexsmobs:cooked_lobster_tail":2,"minecraft:melon_slice":7,"minecraft:white_banner":1,"minecraft:string":18,"minecraft:acacia_planks":23,"minecraft:furnace":3,"minecraft:stone_sword":2,"minecraft:shield":2,"minecraft:andesite":2,"iceandfire:silver_ingot":2,"minecraft:oak_sapling":1,"moonsweaponry:wooden_greatsword":2,"minecraft:stone_bricks":2,"moonsweaponry:stone_greatsword":2},"minecraft:broken":{"moonsweaponry:wooden_greatsword":1,"minecraft:stone_pickaxe":1,"minecraft:wooden_sword":1,"minecraft:wooden_axe":1},"minecraft:killed_by":{"minecraft:wither_skeleton":1,"minecraft:piglin_brute":2,"minecraft:piglin":1,"alexsmobs:crocodile":2,"iceandfire:myrmex_queen":1,"minecraft:zombie":1,"iceandfire:myrmex_soldier":1,"fear_of_the_abyss:unknown":1,"iceandfire:fire_dragon":7,"minecraft:player":1,"iceandfire:gorgon":2,"minecraft:skeleton":1,"iceandfire:ghost":3}},"DataVersion":3465}