{"stats":{"minecraft:custom":{"minecraft:interact_with_furnace":9,"minecraft:mob_kills":18,"minecraft:interact_with_crafting_table":3,"minecraft:leave_game":7,"minecraft:time_since_death":580,"minecraft:sleep_in_bed":4,"minecraft:climb_one_cm":2537,"minecraft:time_since_rest":616,"minecraft:sprint_one_cm":108024,"minecraft:damage_taken":2147483647,"minecraft:walk_one_cm":186179,"minecraft:trigger_trapped_chest":3,"minecraft:drop":21,"minecraft:damage_dealt":3618,"minecraft:swim_one_cm":17440,"minecraft:fly_one_cm":192838,"minecraft:open_chest":6,"minecraft:crouch_one_cm":30712,"minecraft:play_time":66770,"minecraft:deaths":8,"minecraft:sneak_time":10414,"minecraft:walk_under_water_one_cm":18111,"minecraft:boat_one_cm":6015,"minecraft:jump":1036,"minecraft:walk_on_water_one_cm":17425,"minecraft:total_world_time":66770,"minecraft:fall_one_cm":21251},"minecraft:picked_up":{"minecraft:cocoa_beans":27,"minecraft:coarse_dirt":8,"minecraft:crafting_table":3,"minecraft:jungle_log":5,"minecraft:red_mushroom":1,"iceandfire:myrmex_jungle_chitin":6,"alexsmobs:cachalot_whale_tooth":1,"minecraft:oak_log":20,"iceandfire:ectoplasm":6,"minecraft:shield":4,"minecraft:string":4,"iceandfire:manuscript":4,"minecraft:dirt":58,"minecraft:blue_bed":1,"minecraft:wooden_sword":4,"minecraft:cooked_mutton":22,"minecraft:bone":8,"minecraft:acacia_planks":23,"minecraft:stone_bricks":5,"minecraft:kelp":10,"iceandfire:graveyard_soil":7,"minecraft:cracked_stone_bricks":2,"minecraft:wheat_seeds":6,"minecraft:iron_nugget":28,"minecraft:light_gray_wool":3,"minecraft:sugar_cane":3,"alexsmobs:cooked_lobster_tail":2,"minecraft:acacia_sapling":2,"minecraft:furnace":1,"minecraft:egg":1,"minecraft:cooked_porkchop":5,"minecraft:torch":16,"minecraft:white_bed":7,"alexsmobs:leafcutter_ant_pupa":1,"minecraft:spider_eye":1,"alexsmobs:animal_dictionary":2,"iceandfire:silver_ingot":3,"minecraft:stone_sword":3,"minecraft:stone_axe":2,"iceandfire:silver_sword":4,"iceandfire:gorgon_head":1,"minecraft:oak_sapling":1,"minecraft:bone_block":6,"minecraft:mutton":12,"minecraft:white_wool":7,"alexsmobs:lobster_tail":3,"minecraft:cobblestone":63},"minecraft:mined":{"minecraft:white_bed":4,"iceandfire:myrmex_resin_jungle":1,"minecraft:jungle_leaves":1,"minecraft:grass_block":10,"minecraft:jungle_log":5,"alexsmobs:leafcutter_ant_chamber":2,"minecraft:tall_grass":17,"minecraft:sugar_cane":1,"minecraft:coarse_dirt":1,"minecraft:fire":4,"minecraft:grass":69,"minecraft:oak_log":5,"minecraft:vine":2,"minecraft:dirt":3,"minecraft:cobweb":2,"minecraft:oak_leaves":6,"minecraft:fern":5},"minecraft:crafted":{"alexsmobs:cooked_lobster_tail":3,"minecraft:crafting_table":1,"minecraft:cooked_mutton":12,"minecraft:air":0,"minecraft:jungle_planks":8,"minecraft:white_bed":1},"minecraft:killed":{"iceandfire:myrmex_worker":2,"alexsmobs:lobster":2,"minecraft:creeper":1,"minecraft:sheep":5,"iceandfire:ghost":2,"alexsmobs:leafcutter_ant":4,"minecraft:silverfish":2},"minecraft:dropped":{"minecraft:stone_axe":1,"minecraft:iron_nugget":28,"minecraft:stone_sword":2,"minecraft:crafting_table":2,"minecraft:cobblestone":62,"iceandfire:ectoplasm":3,"minecraft:cracked_stone_bricks":1,"minecraft:cooked_mutton":6,"alexsmobs:cachalot_whale_tooth":1,"alexsmobs:leafcutter_ant_pupa":1,"iceandfire:silver_sword":1,"alexsmobs:cooked_lobster_tail":2,"iceandfire:silver_ingot":2,"minecraft:oak_sapling":1,"minecraft:stone_bricks":2,"minecraft:white_wool":2,"minecraft:acacia_planks":23,"minecraft:blue_bed":1,"minecraft:bone":5},"minecraft:used":{"minecraft:cooked_mutton":3,"minecraft:stone_sword":4,"iceandfire:silver_sword":32,"minecraft:dirt":11,"minecraft:crafting_table":1,"minecraft:white_bed":5,"alexsmobs:cooked_lobster_tail":1,"minecraft:stone_bricks":1,"minecraft:wooden_sword":87,"minecraft:cooked_porkchop":4,"minecraft:egg":1},"minecraft:broken":{"minecraft:wooden_sword":1},"minecraft:killed_by":{"iceandfire:gorgon":2,"minecraft:player":1,"iceandfire:myrmex_queen":1,"minecraft:zombie":1,"iceandfire:ghost":2}},"DataVersion":3465}