{"stats":{"minecraft:custom":{"minecraft:mob_kills":60,"minecraft:interact_with_crafting_table":15,"minecraft:leave_game":9,"minecraft:time_since_death":456,"minecraft:climb_one_cm":4184,"minecraft:sprint_one_cm":330979,"minecraft:walk_one_cm":453383,"minecraft:damage_blocked_by_shield":510,"minecraft:drop":56,"minecraft:damage_dealt_absorbed":17,"minecraft:play_time":183137,"minecraft:deaths":16,"minecraft:sneak_time":31010,"minecraft:walk_under_water_one_cm":36544,"minecraft:boat_one_cm":6015,"minecraft:jump":2959,"minecraft:walk_on_water_one_cm":43716,"minecraft:total_world_time":183137,"minecraft:interact_with_furnace":18,"minecraft:sleep_in_bed":8,"minecraft:time_since_rest":500,"minecraft:waystone_activated":1,"minecraft:damage_taken":2147483647,"minecraft:trigger_trapped_chest":3,"minecraft:damage_dealt":16040,"minecraft:swim_one_cm":59918,"minecraft:fly_one_cm":561946,"minecraft:open_chest":22,"minecraft:crouch_one_cm":98731,"minecraft:fall_one_cm":67089},"minecraft:picked_up":{"minecraft:wooden_axe":1,"minecraft:coarse_dirt":8,"minecraft:cocoa_beans":27,"iceandfire:dragon_skull_lightning":2,"gamma_beasts:thin_oak_log":5,"minecraft:crafting_table":4,"minecraft:wheat":2,"minecraft:azure_bluet":1,"minecraft:wooden_pickaxe":1,"iceandfire:myrmex_jungle_chitin":12,"minecraft:brewing_stand":1,"minecraft:shield":8,"supertools:lapisleggings":1,"alexsmobs:gazelle_horn":6,"iceandfire:manuscript":4,"minecraft:string":15,"minecraft:raw_copper":29,"minecraft:wooden_sword":4,"minecraft:blackstone":3,"iceandfire:graveyard_soil":7,"minecraft:cracked_stone_bricks":2,"minecraft:gold_nugget":18,"moonsweaponry:iron_greatsword":3,"minecraft:iron_nugget":32,"minecraft:iron_pickaxe":1,"minecraft:light_gray_wool":3,"minecraft:melon_slice":107,"minecraft:sugar_cane":3,"alexsmobs:cooked_lobster_tail":2,"minecraft:furnace":9,"minecraft:egg":1,"minecraft:stick":8,"minecraft:raw_iron":11,"iceandfire:dragonbone":70,"minecraft:copper_ingot":3,"minecraft:torch":20,"sophisticatedbackpacks:backpack":2,"minecraft:fire_charge":2,"iceandfire:myrmex_resin_sticky_jungle":16,"minecraft:polished_blackstone_bricks":3,"supertools:lapishelmet":1,"minecraft:warped_planks":14,"alexsmobs:leafcutter_ant_pupa":1,"supertools:lapisboots":1,"minecraft:orange_bed":1,"iceandfire:silver_ingot":3,"minecraft:stone_sword":3,"minecraft:arrow":1,"minecraft:rotten_flesh":12,"minecraft:tropical_fish":4,"gamma_beasts:kiwi":6,"minecraft:hay_block":56,"gamma_beasts:coal_nugget":14,"minecraft:mutton":26,"minecraft:bone_block":6,"minecraft:white_wool":11,"alexsmobs:lobster_tail":3,"alexsmobs:flying_fish":3,"minecraft:cobblestone":110,"minecraft:birch_log":7,"minecraft:andesite":4,"minecraft:water_bucket":1,"minecraft:jungle_log":5,"minecraft:red_mushroom":1,"gamma_beasts:prehnite":1,"alexsmobs:cachalot_whale_tooth":1,"minecraft:oak_log":20,"iceandfire:ectoplasm":6,"minecraft:gunpowder":4,"iceandfire:myrmex_resin_jungle":19,"minecraft:lapis_lazuli":46,"minecraft:blue_bed":1,"minecraft:dirt":78,"minecraft:twisting_vines":1,"minecraft:cooked_mutton":25,"minecraft:bone":22,"minecraft:acacia_planks":23,"minecraft:stone_bricks":5,"minecraft:kelp":10,"minecraft:wheat_seeds":11,"minecraft:iron_ingot":9,"minecraft:stone_pickaxe":2,"minecraft:acacia_sapling":5,"iceandfire:copper_nugget":50,"minecraft:cooked_porkchop":5,"minecraft:quartz":3,"minecraft:gravel":1,"minecraft:sand":1,"minecraft:white_bed":9,"minecraft:spider_eye":1,"alexsmobs:animal_dictionary":2,"minecraft:stone_axe":2,"iceandfire:silver_sword":10,"minecraft:bone_meal":3,"minecraft:cracked_polished_blackstone_bricks":2,"iceandfire:myrmex_jungle_egg":6,"minecraft:granite":4,"iceandfire:myrmex_jungle_biolight":2,"minecraft:bread":23,"minecraft:warped_roots":5,"iceandfire:gorgon_head":1,"alexsmobs:maggot":1,"minecraft:oak_sapling":1,"minecraft:netherrack":67,"minecraft:coal":110,"iceandfire:raw_silver":8},"minecraft:mined":{"minecraft:white_bed":5,"iceandfire:silver_ore":8,"iceandfire:copper_pile":6,"minecraft:jungle_leaves":1,"minecraft:brewing_stand":1,"minecraft:granite":4,"minecraft:grass_block":11,"minecraft:jungle_log":5,"alexsmobs:leafcutter_ant_chamber":2,"minecraft:kelp":1,"minecraft:hay_block":57,"minecraft:furnace":1,"minecraft:iron_ore":11,"minecraft:fire":6,"minecraft:andesite":2,"minecraft:azure_bluet":1,"minecraft:red_tulip":1,"minecraft:vine":3,"iceandfire:myrmex_resin_sticky_jungle":5,"minecraft:stone":25,"minecraft:orange_bed":1,"minecraft:twisting_vines_plant":1,"iceandfire:myrmex_resin_jungle":3,"minecraft:crafting_table":1,"minecraft:melon":10,"minecraft:warped_roots":3,"minecraft:nether_quartz_ore":2,"minecraft:tall_grass":22,"minecraft:lapis_ore":6,"minecraft:sugar_cane":1,"minecraft:wall_torch":2,"minecraft:warped_nylium":1,"minecraft:coarse_dirt":1,"minecraft:birch_log":7,"minecraft:wheat":2,"iceandfire:myrmex_jungle_biolight":2,"minecraft:warped_fungus":1,"gamma_beasts:thin_oak_log":5,"minecraft:grass":123,"minecraft:oak_log":5,"minecraft:coal_ore":50,"minecraft:sand":1,"minecraft:gravel":1,"minecraft:dirt":7,"minecraft:cobweb":2,"minecraft:netherrack":64,"minecraft:oak_leaves":10,"minecraft:fern":5},"minecraft:killed":{"alexsmobs:lobster":2,"alexsmobs:raccoon":1,"minecraft:spider":1,"minecraft:skeleton":4,"gamma_beasts:banndu_a":1,"alexsmobs:leafcutter_ant":4,"minecraft:silverfish":2,"alexsmobs:flying_fish":1,"iceandfire:myrmex_worker":2,"minecraft:piglin":2,"minecraft:creeper":3,"gamma_beasts:radioactive_bear_c":1,"minecraft:sheep":9,"minecraft:zombie":6,"iceandfire:myrmex_soldier":1,"alexsmobs:cockroach":1,"iceandfire:ghost":4,"alexsmobs:gazelle":5,"alexsmobs:fly":1,"fear_of_the_abyss:unknown":7},"minecraft:crafted":{"minecraft:oak_planks":10,"supertools:lapisboots":1,"minecraft:cooked_mutton":12,"supertools:lapischestplate":1,"minecraft:stone_pickaxe":1,"moonsweaponry:wooden_greatsword":2,"minecraft:wheat":504,"alexsmobs:cooked_lobster_tail":3,"minecraft:crafting_table":3,"minecraft:copper_ingot":3,"moonsweaponry:iron_greatsword":1,"minecraft:birch_planks":28,"minecraft:bread":168,"minecraft:air":0,"minecraft:jungle_planks":8,"supertools:lapishelmet":1,"minecraft:stick":24,"minecraft:iron_ingot":14,"minecraft:iron_pickaxe":1,"minecraft:wooden_axe":1,"minecraft:white_bed":1,"minecraft:torch":32,"supertools:lapisleggings":1},"minecraft:used":{"minecraft:stone_sword":4,"iceandfire:silver_sword":71,"minecraft:tropical_fish":1,"minecraft:shield":11,"minecraft:rotten_flesh":4,"minecraft:netherrack":33,"minecraft:orange_bed":1,"minecraft:torch":34,"minecraft:dirt":32,"minecraft:granite":4,"minecraft:wooden_axe":35,"alexsmobs:maggot":1,"alexsmobs:cooked_lobster_tail":1,"moonsweaponry:iron_greatsword":163,"minecraft:stone_bricks":1,"minecraft:furnace":2,"minecraft:egg":1,"minecraft:cooked_mutton":6,"minecraft:water_bucket":4,"minecraft:stone_pickaxe":132,"minecraft:blackstone":3,"minecraft:wooden_pickaxe":13,"supertools:lapisleggings":1,"minecraft:sand":1,"minecraft:crafting_table":4,"minecraft:white_bed":6,"moonsweaponry:wooden_greatsword":21,"gamma_beasts:kiwi":4,"minecraft:cracked_polished_blackstone_bricks":2,"minecraft:iron_pickaxe":40,"minecraft:bread":13,"minecraft:melon_slice":52,"supertools:lapishelmet":1,"minecraft:gravel":1,"iceandfire:myrmex_resin_jungle":11,"minecraft:wooden_sword":87,"minecraft:cobblestone":24,"minecraft:cooked_porkchop":4,"minecraft:andesite":2,"minecraft:bucket":5,"iceandfire:myrmex_resin_sticky_jungle":8},"minecraft:dropped":{"minecraft:iron_ingot":7,"minecraft:bread":13,"iceandfire:raw_silver":2,"minecraft:wheat_seeds":3,"minecraft:lapis_lazuli":22,"minecraft:crafting_table":2,"minecraft:cobblestone":62,"iceandfire:ectoplasm":3,"minecraft:cracked_stone_bricks":1,"iceandfire:silver_sword":1,"iceandfire:myrmex_jungle_biolight":2,"alexsmobs:cooked_lobster_tail":2,"minecraft:melon_slice":7,"minecraft:string":11,"minecraft:white_wool":2,"minecraft:acacia_planks":23,"minecraft:blue_bed":1,"minecraft:bone":5,"minecraft:furnace":3,"minecraft:stone_axe":1,"minecraft:iron_nugget":28,"minecraft:stone_sword":2,"minecraft:wheat":4,"minecraft:rotten_flesh":11,"minecraft:cooked_mutton":6,"alexsmobs:cachalot_whale_tooth":1,"alexsmobs:leafcutter_ant_pupa":1,"minecraft:andesite":2,"iceandfire:silver_ingot":2,"minecraft:acacia_sapling":2,"minecraft:oak_sapling":1,"moonsweaponry:wooden_greatsword":1,"minecraft:stone_bricks":2,"minecraft:netherrack":34},"minecraft:broken":{"minecraft:stone_pickaxe":1,"minecraft:wooden_sword":1,"minecraft:wooden_axe":1},"minecraft:killed_by":{"minecraft:player":1,"minecraft:piglin_brute":1,"iceandfire:gorgon":2,"minecraft:piglin":1,"alexsmobs:crocodile":2,"iceandfire:myrmex_queen":1,"minecraft:zombie":1,"iceandfire:ghost":3,"iceandfire:myrmex_soldier":1,"fear_of_the_abyss:unknown":1}},"DataVersion":3465}