{"stats":{"minecraft:custom":{"minecraft:interact_with_crafting_table":56,"minecraft:eat_cake_slice":2,"minecraft:leave_game":5,"minecraft:time_since_death":53090,"minecraft:sprint_one_cm":1183387,"minecraft:damage_blocked_by_shield":5529,"minecraft:drop":83,"minecraft:talked_to_villager":6,"minecraft:play_time":397477,"minecraft:deaths":23,"minecraft:jump":5545,"minecraft:walk_on_water_one_cm":147391,"minecraft:interact_with_furnace":39,"minecraft:sleep_in_bed":16,"minecraft:waystone_activated":2,"minecraft:damage_dealt":49931,"minecraft:crouch_one_cm":35078,"minecraft:horse_one_cm":619,"minecraft:mob_kills":213,"minecraft:climb_one_cm":12965,"minecraft:walk_one_cm":1118173,"minecraft:raid_win":1,"minecraft:sneak_time":12300,"minecraft:walk_under_water_one_cm":111231,"minecraft:total_world_time":397477,"minecraft:time_since_rest":53132,"minecraft:damage_taken":2147483647,"minecraft:damage_absorbed":199,"minecraft:trigger_trapped_chest":5,"minecraft:swim_one_cm":99743,"minecraft:fly_one_cm":1029344,"minecraft:open_chest":237,"minecraft:fall_one_cm":138634},"minecraft:picked_up":{"gamma_beasts:thin_oak_log":1,"minecraft:iron_chestplate":2,"minecraft:wheat":3,"minecraft:redstone_block":13,"minecraft:chainmail_boots":6,"iceandfire:copper_sword":5,"gamma_beasts:fur":51,"minecraft:lead":2,"minecraft:diamond_sword":1,"minecraft:potion":8,"minecraft:wither_rose":2,"minecraft:enchanted_book":7,"minecraft:stone_brick_stairs":2,"minecraft:brewing_stand":1,"minecraft:amethyst_block":4,"iceandfire:manuscript":36,"minecraft:string":140,"minecraft:raw_copper":42,"minecraft:iron_leggings":1,"minecraft:experience_bottle":1,"minecraft:beetroot":1,"minecraft:cobbled_deepslate":4,"minecraft:bucket":1,"moonsweaponry:iron_greatsword":2,"minecraft:calcite":4,"minecraft:iron_pickaxe":9,"minecraft:melon_slice":102,"minecraft:furnace":5,"minecraft:iron_boots":3,"minecraft:golden_helmet":4,"gamma_beasts:jungle_leaf":18,"minecraft:stick":60,"iceandfire:ghost_chest":5,"minecraft:oak_fence":2,"minecraft:torch":44,"minecraft:acacia_log":6,"iceandfire:myrmex_resin_sticky_jungle":1,"minecraft:porkchop":6,"minecraft:golden_axe":1,"minecraft:dried_kelp":18,"iceandfire:rotten_egg":2,"minecraft:pointed_dripstone":57,"minecraft:diorite":15,"iceandfire:lightning_lily":1,"minecraft:stone_sword":6,"minecraft:rotten_flesh":120,"gamma_beasts:kiwi":24,"alexsmobs:emu_egg":1,"gamma_beasts:coal_nugget":11,"minecraft:iron_bars":33,"minecraft:cobblestone":455,"alexsmobs:flying_fish":3,"minecraft:leather_chestplate":2,"minecraft:feather":4,"minecraft:cooked_beef":1,"minecraft:water_bucket":1,"minecraft:jungle_log":1,"minecraft:dark_oak_boat":2,"minecraft:golden_leggings":2,"minecraft:potato":48,"minecraft:flint":8,"gamma_beasts:oak_leaf":30,"minecraft:lapis_lazuli":21,"minecraft:dirt":246,"minecraft:twisting_vines":1,"minecraft:leather_boots":5,"minecraft:bone":209,"minecraft:acacia_planks":15,"iceandfire:myrmex_jungle_resin":21,"minecraft:bow":14,"minecraft:wheat_seeds":49,"minecraft:mossy_stone_bricks":34,"minecraft:glowstone_dust":2,"minecraft:pitcher_pod":1,"minecraft:stone_hoe":2,"minecraft:oak_planks":99,"minecraft:mossy_stone_brick_stairs":13,"minecraft:warped_wart_block":1,"minecraft:oak_pressure_plate":1,"minecraft:sand":1,"minecraft:nether_brick_stairs":4,"sophisticatedbackpacks:iron_backpack":1,"minecraft:ink_sac":3,"minecraft:diamond_block":3,"minecraft:dark_oak_log":6,"minecraft:mossy_cobblestone":17,"iceandfire:chared_cobblestone":2,"minecraft:polished_andesite":4,"minecraft:sugar":2,"minecraft:diamond":13,"minecraft:deepslate":48,"minecraft:cracked_polished_blackstone_bricks":7,"minecraft:crossbow":3,"minecraft:granite":2,"moonsweaponry:wooden_greatsword":5,"minecraft:golden_apple":3,"minecraft:emerald":22,"iceandfire:myrmex_jungle_biolight":2,"minecraft:chainmail_helmet":3,"minecraft:bread":39,"iceandfire:gorgon_head":1,"alexsmobs:maggot":1,"minecraft:netherrack":90,"iceandfire:raw_silver":6,"minecraft:diamond_pickaxe":1,"iceandfire:dragon_skull_lightning":2,"minecraft:crafting_table":9,"iceandfire:witherbone":5,"minecraft:chicken":11,"minecraft:redstone_lamp":4,"minecraft:golden_pickaxe":1,"minecraft:leather_leggings":5,"minecraft:brown_mushroom":3,"minecraft:wooden_pickaxe":8,"minecraft:shield":23,"minecraft:red_bed":4,"gamma_beasts:acacia_leaf":8,"minecraft:compass":1,"minecraft:iron_shovel":8,"minecraft:blackstone":1,"minecraft:cracked_stone_bricks":17,"iceandfire:graveyard_soil":2,"iceandfire:bestiary":1,"moonsweaponry:diamond_greatsword":11,"minecraft:beef":25,"minecraft:chest":2,"alexsmobs:cooked_lobster_tail":1,"gamma_beasts:lemon":34,"minecraft:egg":4,"minecraft:raw_iron":32,"minecraft:stone":2,"minecraft:copper_ingot":2,"minecraft:polished_blackstone_bricks":13,"minecraft:carrot":22,"minecraft:redstone":40,"moonsweaponry:stone_greatsword":3,"minecraft:dark_oak_planks":14,"minecraft:tnt":6,"minecraft:diamond_chestplate":1,"iceandfire:silver_ingot":6,"minecraft:arrow":43,"minecraft:stone_shovel":1,"minecraft:nether_bricks":6,"minecraft:hay_block":20,"minecraft:gold_ingot":2,"minecraft:mutton":2,"minecraft:bone_block":10,"minecraft:white_wool":8,"minecraft:clock":3,"minecraft:leather":6,"gamma_beasts:bird_thigh":8,"minecraft:birch_planks":3,"minecraft:torchflower":2,"minecraft:crimson_fungus":1,"gamma_beasts:green_apple":129,"minecraft:oak_log":11,"minecraft:chainmail_chestplate":1,"iceandfire:ectoplasm":2,"minecraft:golden_boots":4,"minecraft:gunpowder":13,"iceandfire:armor_copper_metal_helmet":1,"iceandfire:myrmex_resin_jungle":3,"minecraft:wooden_hoe":1,"minecraft:paper":11,"minecraft:white_banner":3,"minecraft:cooked_mutton":15,"minecraft:stone_bricks":24,"minecraft:kelp":107,"gamma_beasts:meat":4,"minecraft:warped_stem":6,"minecraft:iron_ingot":66,"minecraft:stone_pickaxe":4,"minecraft:cooked_chicken":8,"minecraft:glass_bottle":6,"minecraft:acacia_sapling":1,"minecraft:warped_fungus":1,"minecraft:stone_brick_slab":2,"minecraft:quartz":2,"minecraft:dripstone_block":3,"minecraft:gravel":1,"minecraft:white_bed":10,"minecraft:spider_eye":3,"minecraft:leather_helmet":4,"alexsmobs:raw_catfish":1,"minecraft:stone_axe":8,"iceandfire:silver_sword":2,"minecraft:chainmail_leggings":1,"minecraft:iron_helmet":7,"minecraft:mossy_cobblestone_stairs":22,"minecraft:warped_roots":2,"minecraft:black_wool":2,"minecraft:coal":86,"minecraft:ender_pearl":3},"minecraft:mined":{"minecraft:white_bed":6,"gamma_beasts:jungla_hoja_1":12,"gamma_beasts:roble_hoja_1":12,"iceandfire:graveyard_soil":1,"minecraft:sculk_vein":1,"minecraft:jungle_leaves":5,"minecraft:brewing_stand":2,"minecraft:acacia_log":7,"minecraft:grass_block":39,"minecraft:jungle_log":1,"minecraft:cracked_polished_blackstone_bricks":8,"minecraft:oak_pressure_plate":2,"minecraft:chiseled_stone_bricks":1,"minecraft:spawner":53,"minecraft:polished_blackstone_bricks":18,"minecraft:tall_seagrass":2,"minecraft:glowstone":1,"minecraft:mossy_cobblestone_stairs":6,"minecraft:iron_ore":31,"minecraft:fire":19,"minecraft:nether_brick_stairs":4,"minecraft:pointed_dripstone":2,"minecraft:iron_bars":25,"iceandfire:chared_cobblestone":4,"minecraft:brown_mushroom":1,"minecraft:quartz_block":2,"minecraft:red_bed":3,"gamma_beasts:jungla_hoja":9,"minecraft:kelp_plant":12,"iceandfire:myrmex_resin_jungle":3,"minecraft:calcite":4,"minecraft:melon":11,"iceandfire:ghost_chest":2,"minecraft:nether_quartz_ore":2,"minecraft:cobblestone":23,"minecraft:oak_planks":6,"minecraft:wall_torch":2,"minecraft:amethyst_block":4,"minecraft:seagrass":2,"minecraft:warped_nylium":28,"minecraft:wither_rose":2,"minecraft:stone_brick_stairs":4,"minecraft:grass":184,"minecraft:oak_log":11,"minecraft:beetroots":1,"minecraft:sand":1,"minecraft:dirt":24,"minecraft:netherrack":69,"minecraft:oak_leaves":6,"minecraft:redstone_lamp":4,"iceandfire:chared_stone":4,"iceandfire:lightning_lily":1,"iceandfire:silver_ore":5,"minecraft:mossy_cobblestone":16,"gamma_beasts:roblo_hoja":29,"minecraft:nether_bricks":4,"minecraft:redstone_wire":9,"minecraft:kelp":3,"minecraft:hay_block":22,"minecraft:furnace":2,"minecraft:carrots":4,"minecraft:mossy_stone_brick_stairs":11,"gamma_beasts:acacia_hoja":14,"minecraft:potatoes":3,"minecraft:vine":22,"minecraft:warped_stem":6,"iceandfire:myrmex_resin_sticky_jungle":2,"minecraft:stone":132,"minecraft:bone_block":10,"minecraft:white_wool":5,"minecraft:acacia_leaves":1,"minecraft:redstone_block":13,"minecraft:stone_brick_slab":2,"minecraft:oak_fence":1,"minecraft:crafting_table":6,"gamma_beasts:acacia_hoja_1":9,"minecraft:emerald_ore":2,"minecraft:tall_grass":33,"minecraft:copper_ore":14,"minecraft:diorite":3,"minecraft:warped_wart_block":1,"minecraft:torchflower":1,"minecraft:birch_leaves":1,"minecraft:coal_ore":39,"minecraft:pitcher_crop":1,"minecraft:dripstone_block":1,"minecraft:cracked_stone_bricks":20,"minecraft:polished_andesite":4,"minecraft:stone_bricks":12,"minecraft:mossy_stone_bricks":19,"minecraft:fern":1},"minecraft:dropped":{"minecraft:porkchop":2,"minecraft:oak_pressure_plate":1,"minecraft:cooked_beef":9,"minecraft:glass_bottle":2,"minecraft:diamond":14,"minecraft:cracked_stone_bricks":3,"iceandfire:gorgon_head":1,"minecraft:leather_helmet":2,"minecraft:emerald":1,"minecraft:dirt":36,"alexsmobs:flying_fish":1,"minecraft:diamond_block":2,"minecraft:pointed_dripstone":8,"minecraft:rotten_flesh":1,"minecraft:oak_planks":1,"gamma_beasts:kiwi":4,"minecraft:warped_planks":14,"moonsweaponry:diamond_greatsword":1,"minecraft:leather_chestplate":1,"minecraft:leather_boots":2,"iceandfire:bestiary":1,"minecraft:chainmail_boots":1,"minecraft:leather_leggings":1,"minecraft:iron_bars":7,"minecraft:beef":3,"gamma_beasts:fur":6,"minecraft:netherrack":51,"iceandfire:silver_pickaxe":1,"minecraft:golden_boots":1,"minecraft:iron_ingot":9,"minecraft:wheat_seeds":14,"minecraft:golden_helmet":1,"minecraft:granite":2,"minecraft:chainmail_helmet":1,"minecraft:golden_apple":3,"minecraft:stick":6,"iceandfire:silver_sword":2,"minecraft:melon_slice":19,"minecraft:potion":4,"minecraft:iron_leggings":1,"minecraft:string":1,"minecraft:furnace":3,"minecraft:chicken":2,"minecraft:iron_boots":1,"gamma_beasts:green_apple":8,"minecraft:diamond_sword":1,"gamma_beasts:meat":2,"minecraft:stone":1,"minecraft:shield":2,"iceandfire:copper_sword":1,"minecraft:iron_chestplate":1,"minecraft:golden_leggings":1,"minecraft:bow":1,"minecraft:stone_pickaxe":1,"moonsweaponry:stone_greatsword":1,"gamma_beasts:jungle_leaf":6},"minecraft:killed":{"alexsmobs:hummingbird":1,"minecraft:cave_spider":1,"minecraft:witch":1,"iceandfire:gorgon":1,"minecraft:spider":21,"gamma_beasts:radioactive_bear_a":1,"minecraft:skeleton":25,"gamma_beasts:crasu_c":1,"minecraft:chicken":3,"gamma_beasts:diamond_golem_c":7,"minecraft:piglin_brute":1,"minecraft:pig":2,"minecraft:zombie_villager":1,"minecraft:creeper":8,"iceandfire:cockatrice":1,"gamma_beasts:radioactive_bear_c":1,"minecraft:sheep":1,"minecraft:pillager":13,"minecraft:zombie":72,"gamma_beasts:crasu_a":1,"minecraft:stray":10,"alexsmobs:fly":1,"minecraft:cow":4,"alexsmobs:bison":1,"alexsmobs:flying_fish":1,"alexsmobs:emu":1,"gamma_beasts:diamond_golem_a":4,"alexsmobs:catfish":1,"iceandfire:ghost":1,"minecraft:wither_skeleton":14,"fear_of_the_abyss:unknown":4,"minecraft:enderman":2},"minecraft:crafted":{"minecraft:oak_planks":64,"minecraft:dark_oak_boat":2,"moonsweaponry:diamond_greatsword":1,"minecraft:cooked_mutton":3,"minecraft:warped_planks":24,"minecraft:bow":1,"minecraft:iron_boots":1,"minecraft:chest":9,"minecraft:wooden_shovel":1,"minecraft:cooked_porkchop":3,"minecraft:crafting_table":7,"minecraft:wooden_pickaxe":1,"minecraft:iron_helmet":1,"moonsweaponry:iron_greatsword":1,"minecraft:iron_chestplate":1,"minecraft:shield":1,"minecraft:stick":36,"minecraft:iron_pickaxe":2,"minecraft:iron_ingot":23,"minecraft:stone_sword":2,"minecraft:wooden_sword":1,"minecraft:stone_shovel":1,"minecraft:furnace":1,"minecraft:diamond":9,"minecraft:stone_pickaxe":3,"minecraft:dark_oak_planks":24,"moonsweaponry:wooden_greatsword":1,"minecraft:wheat":180,"minecraft:cooked_beef":20,"alexsmobs:cooked_lobster_tail":2,"minecraft:dried_kelp":20,"minecraft:bucket":2,"minecraft:bread":39,"minecraft:air":0,"minecraft:jungle_planks":4,"minecraft:iron_leggings":2,"minecraft:white_bed":3,"minecraft:acacia_planks":24,"minecraft:torch":28,"iceandfire:silver_pickaxe":1},"minecraft:used":{"moonsweaponry:diamond_greatsword":672,"minecraft:beetroot":1,"minecraft:iron_shovel":2,"minecraft:chest":8,"minecraft:shield":237,"minecraft:rotten_flesh":43,"minecraft:iron_chestplate":1,"minecraft:carrot":19,"minecraft:obsidian":2,"alexsmobs:cooked_lobster_tail":1,"iceandfire:ghost_chest":1,"minecraft:bow":64,"minecraft:dark_oak_boat":1,"minecraft:furnace":2,"minecraft:egg":4,"minecraft:potato":18,"minecraft:mossy_stone_bricks":5,"minecraft:oak_planks":76,"minecraft:stone_pickaxe":253,"minecraft:wooden_pickaxe":52,"minecraft:golden_apple":6,"minecraft:pitcher_pod":1,"minecraft:dripstone_block":1,"gamma_beasts:kiwi":16,"moonsweaponry:wooden_greatsword":90,"minecraft:melon_slice":46,"minecraft:bread":30,"minecraft:deepslate":21,"iceandfire:chared_cobblestone":2,"gamma_beasts:bird_thigh":4,"minecraft:wooden_sword":1,"minecraft:chainmail_boots":1,"gamma_beasts:lemon":17,"minecraft:experience_bottle":1,"minecraft:stone_sword":105,"minecraft:flint_and_steel":1,"minecraft:stone_shovel":40,"minecraft:dried_kelp":20,"gamma_beasts:green_apple":77,"minecraft:wooden_shovel":21,"minecraft:cooked_chicken":4,"minecraft:netherrack":39,"minecraft:torch":47,"minecraft:dirt":22,"iceandfire:copper_sword":117,"minecraft:chainmail_chestplate":1,"minecraft:mossy_cobblestone_stairs":2,"minecraft:stone_brick_slab":2,"moonsweaponry:iron_greatsword":239,"minecraft:iron_boots":2,"moonsweaponry:stone_greatsword":136,"minecraft:beef":1,"minecraft:cooked_beef":6,"minecraft:cooked_mutton":6,"minecraft:water_bucket":9,"minecraft:amethyst_block":4,"minecraft:glass_bottle":3,"minecraft:cracked_stone_bricks":5,"minecraft:mossy_cobblestone":4,"minecraft:crafting_table":16,"minecraft:red_bed":3,"minecraft:white_bed":8,"alexsmobs:flying_fish":1,"minecraft:diamond_pickaxe":43,"minecraft:apple":5,"minecraft:cracked_polished_blackstone_bricks":4,"minecraft:chicken":1,"minecraft:iron_pickaxe":312,"minecraft:stone_axe":29,"minecraft:cobblestone":64,"minecraft:potion":7,"minecraft:porkchop":1,"minecraft:cooked_porkchop":3,"minecraft:bucket":8},"minecraft:broken":{"minecraft:golden_helmet":1,"minecraft:leather_leggings":1,"moonsweaponry:wooden_greatsword":1,"minecraft:chainmail_boots":1,"minecraft:stone_pickaxe":1,"minecraft:chainmail_chestplate":1,"minecraft:shield":1,"moonsweaponry:stone_greatsword":1},"minecraft:killed_by":{"minecraft:wither_skeleton":1,"minecraft:piglin_brute":2,"alexsmobs:emu":1,"minecraft:zombie":4,"gamma_beasts:diamond_golem_a":2,"fear_of_the_abyss:unknown":1,"iceandfire:fire_dragon":3,"minecraft:player":1,"iceandfire:gorgon":4,"minecraft:skeleton":2}},"DataVersion":3465}