{"stats":{"minecraft:picked_up":{"minecraft:oak_log":5,"minecraft:dirt":1},"minecraft:crafted":{"minecraft:wooden_sword":1,"minecraft:oak_planks":20,"minecraft:wooden_shovel":1,"minecraft:crafting_table":1,"minecraft:stick":8,"minecraft:wooden_pickaxe":1},"minecraft:mined":{"minecraft:grass":3,"minecraft:grass_block":1,"minecraft:oak_log":5},"minecraft:used":{"minecraft:crafting_table":1,"minecraft:wooden_shovel":4},"minecraft:custom":{"minecraft:time_since_rest":2505,"minecraft:play_time":2505,"minecraft:sprint_one_cm":5752,"minecraft:walk_one_cm":2305,"minecraft:sneak_time":2,"minecraft:jump":32,"minecraft:leave_game":1,"minecraft:time_since_death":2505,"minecraft:total_world_time":2505,"minecraft:interact_with_crafting_table":1,"minecraft:fall_one_cm":209,"minecraft:fly_one_cm":4244}},"DataVersion":3465}