{"stats":{"minecraft:picked_up":{"gamma_beasts:thin_oak_log":35,"minecraft:iron_chestplate":5,"minecraft:wheat":3,"minecraft:redstone_block":13,"minecraft:chainmail_boots":6,"iceandfire:copper_sword":5,"gamma_beasts:fur":59,"minecraft:lead":2,"minecraft:diamond_sword":1,"minecraft:enchanted_book":7,"minecraft:wither_rose":2,"minecraft:potion":8,"minecraft:gilded_blackstone":4,"minecraft:stone_brick_stairs":2,"minecraft:brewing_stand":1,"minecraft:golden_sword":4,"minecraft:amethyst_block":4,"iceandfire:manuscript":54,"minecraft:polished_blackstone_brick_stairs":3,"minecraft:string":152,"minecraft:raw_copper":42,"minecraft:iron_leggings":4,"minecraft:experience_bottle":1,"minecraft:beetroot":1,"alexsmobs:dropbear_claw":4,"minecraft:gold_nugget":79,"minecraft:cobbled_deepslate":5,"minecraft:bucket":1,"moonsweaponry:iron_greatsword":2,"minecraft:calcite":4,"minecraft:iron_pickaxe":9,"minecraft:melon_slice":102,"minecraft:iron_boots":6,"minecraft:furnace":6,"minecraft:tipped_arrow":7,"minecraft:golden_helmet":4,"iceandfire:pixie_dust":4,"minecraft:stick":60,"gamma_beasts:jungle_leaf":18,"iceandfire:ghost_chest":6,"minecraft:oak_fence":2,"minecraft:torch":54,"minecraft:acacia_log":6,"minecraft:porkchop":6,"iceandfire:myrmex_resin_sticky_jungle":1,"minecraft:golden_axe":3,"minecraft:dried_kelp":18,"iceandfire:rotten_egg":2,"minecraft:pointed_dripstone":57,"minecraft:diorite":15,"iceandfire:lightning_lily":1,"minecraft:stone_sword":6,"minecraft:rotten_flesh":150,"gamma_beasts:kiwi":24,"alexsmobs:emu_egg":1,"gamma_beasts:coal_nugget":20,"minecraft:iron_bars":44,"minecraft:cod":2,"alexsmobs:flying_fish":4,"minecraft:cobblestone":463,"minecraft:birch_log":2,"gamma_beasts:pear":18,"minecraft:leather_chestplate":3,"minecraft:feather":8,"minecraft:cooked_beef":12,"minecraft:water_bucket":1,"minecraft:jungle_log":1,"minecraft:golden_leggings":2,"minecraft:dark_oak_boat":2,"minecraft:potato":48,"minecraft:flint":8,"gamma_beasts:oak_leaf":117,"minecraft:lapis_lazuli":21,"minecraft:dirt":280,"minecraft:twisting_vines":1,"minecraft:leather_boots":5,"minecraft:bone":254,"minecraft:acacia_planks":15,"iceandfire:myrmex_jungle_resin":21,"minecraft:bow":16,"minecraft:wheat_seeds":110,"minecraft:mossy_stone_bricks":38,"minecraft:glowstone_dust":2,"minecraft:oak_planks":147,"minecraft:pitcher_pod":1,"minecraft:stone_hoe":2,"minecraft:mossy_stone_brick_stairs":13,"minecraft:warped_wart_block":3,"minecraft:oak_pressure_plate":1,"minecraft:sand":1,"minecraft:nether_brick_stairs":4,"sophisticatedbackpacks:iron_backpack":1,"minecraft:ink_sac":3,"minecraft:diamond_block":3,"minecraft:dark_oak_log":6,"minecraft:mossy_cobblestone":17,"iceandfire:chared_cobblestone":2,"minecraft:polished_andesite":4,"minecraft:deepslate":48,"minecraft:sugar":2,"minecraft:diamond":13,"minecraft:oak_sapling":1,"minecraft:cracked_polished_blackstone_bricks":63,"minecraft:crossbow":6,"minecraft:granite":2,"minecraft:bone_meal":1,"minecraft:golden_apple":3,"moonsweaponry:wooden_greatsword":5,"minecraft:chainmail_helmet":3,"iceandfire:myrmex_jungle_biolight":2,"minecraft:emerald":43,"minecraft:bread":97,"alexsmobs:maggot":1,"iceandfire:gorgon_head":1,"minecraft:netherrack":482,"iceandfire:raw_silver":7,"minecraft:diamond_pickaxe":1,"iceandfire:dragon_skull_lightning":2,"minecraft:crafting_table":9,"minecraft:chicken":12,"iceandfire:witherbone":5,"minecraft:leather_leggings":5,"minecraft:golden_pickaxe":1,"minecraft:redstone_lamp":4,"minecraft:brown_mushroom":4,"minecraft:wooden_pickaxe":8,"minecraft:gold_block":20,"gamma_beasts:birch_leaf":4,"minecraft:shield":24,"minecraft:red_bed":4,"gamma_beasts:acacia_leaf":8,"minecraft:compass":1,"minecraft:iron_shovel":11,"minecraft:blackstone":1,"minecraft:cracked_stone_bricks":22,"iceandfire:graveyard_soil":6,"iceandfire:bestiary":1,"moonsweaponry:diamond_greatsword":14,"minecraft:beef":51,"minecraft:light_gray_wool":36,"minecraft:chest":4,"alexsmobs:cooked_lobster_tail":1,"gamma_beasts:lemon":34,"minecraft:egg":4,"minecraft:raw_iron":32,"minecraft:stone":2,"minecraft:copper_ingot":3,"minecraft:polished_blackstone_bricks":73,"minecraft:carrot":22,"minecraft:redstone":40,"moonsweaponry:stone_greatsword":3,"minecraft:dark_oak_planks":28,"minecraft:tnt":6,"iceandfire:silver_ingot":11,"minecraft:arrow":88,"minecraft:stone_shovel":1,"minecraft:diamond_chestplate":1,"minecraft:nether_bricks":7,"minecraft:shears":3,"minecraft:hay_block":20,"minecraft:gold_ingot":2,"minecraft:totem_of_undying":3,"minecraft:black_banner":3,"minecraft:mutton":9,"minecraft:white_wool":13,"minecraft:bone_block":10,"minecraft:clock":3,"minecraft:basalt":39,"iceandfire:sea_serpent_fang":6,"minecraft:leather":23,"minecraft:birch_planks":11,"gamma_beasts:bird_thigh":8,"minecraft:torchflower":2,"minecraft:crimson_fungus":1,"minecraft:oak_log":17,"gamma_beasts:green_apple":204,"minecraft:chainmail_chestplate":1,"minecraft:ancient_debris":1,"iceandfire:ectoplasm":6,"minecraft:golden_boots":4,"minecraft:gunpowder":16,"iceandfire:armor_copper_metal_helmet":1,"iceandfire:myrmex_resin_jungle":3,"minecraft:wooden_hoe":1,"minecraft:paper":11,"minecraft:white_banner":3,"minecraft:cooked_mutton":31,"minecraft:stone_bricks":24,"minecraft:kelp":107,"gamma_beasts:meat":7,"minecraft:warped_stem":6,"minecraft:iron_ingot":83,"minecraft:stone_pickaxe":4,"minecraft:cooked_chicken":8,"minecraft:cobweb":8,"minecraft:glass_bottle":9,"minecraft:iron_sword":1,"minecraft:acacia_sapling":1,"minecraft:book":1015,"minecraft:warped_fungus":1,"iceandfire:sea_serpent_scales_green":8,"minecraft:stone_brick_slab":2,"minecraft:quartz":2,"minecraft:dandelion":1,"minecraft:dripstone_block":3,"minecraft:gravel":1,"minecraft:white_bed":11,"minecraft:spruce_log":2,"minecraft:spider_eye":4,"minecraft:leather_helmet":4,"alexsmobs:raw_catfish":1,"minecraft:stone_axe":9,"iceandfire:silver_sword":2,"minecraft:chainmail_leggings":1,"minecraft:iron_helmet":10,"minecraft:mossy_cobblestone_stairs":24,"minecraft:gray_wool":1,"minecraft:warped_roots":2,"minecraft:black_wool":50,"minecraft:coal":115,"minecraft:ender_pearl":4},"minecraft:killed":{"alexsmobs:hummingbird":1,"minecraft:cave_spider":4,"minecraft:witch":1,"iceandfire:gorgon":1,"minecraft:spider":26,"gamma_beasts:radioactive_bear_a":1,"minecraft:skeleton":39,"gamma_beasts:crasu_c":1,"minecraft:chicken":4,"gamma_beasts:pangolin_c":1,"gamma_beasts:diamond_golem_c":7,"minecraft:piglin_brute":9,"minecraft:piglin":3,"minecraft:magma_cube":3,"minecraft:pig":2,"minecraft:zombie_villager":1,"minecraft:creeper":10,"alexsmobs:crimson_mosquito":1,"iceandfire:cockatrice":1,"gamma_beasts:radioactive_bear_c":1,"minecraft:sheep":5,"minecraft:pillager":13,"minecraft:zombie":88,"alexsmobs:terrapin":1,"gamma_beasts:crasu_a":1,"minecraft:stray":14,"minecraft:ghast":2,"alexsmobs:fly":1,"iceandfire:pixie":1,"iceandfire:sea_serpent":1,"minecraft:cow":17,"minecraft:evoker":2,"minecraft:vex":10,"minecraft:vindicator":6,"alexsmobs:bison":1,"alexsmobs:flying_fish":1,"alexsmobs:rhinoceros":1,"alexsmobs:emu":1,"gamma_beasts:diamond_golem_a":4,"alexsmobs:catfish":1,"iceandfire:ghost":5,"minecraft:wither_skeleton":16,"fear_of_the_abyss:unknown":11,"minecraft:enderman":4},"minecraft:killed_by":{"minecraft:wither_skeleton":1,"minecraft:piglin_brute":2,"alexsmobs:emu":1,"minecraft:zombie":4,"gamma_beasts:diamond_golem_a":2,"fear_of_the_abyss:unknown":1,"iceandfire:fire_dragon":4,"minecraft:vex":1,"minecraft:player":1,"iceandfire:gorgon":4,"minecraft:skeleton":2},"minecraft:mined":{"minecraft:dark_oak_planks":4,"gamma_beasts:roble_hoja_1":12,"gamma_beasts:jungla_hoja_1":12,"minecraft:white_bed":6,"iceandfire:graveyard_soil":1,"minecraft:sculk_vein":1,"minecraft:jungle_leaves":5,"minecraft:brewing_stand":2,"minecraft:acacia_log":7,"minecraft:grass_block":42,"minecraft:jungle_log":1,"minecraft:cracked_polished_blackstone_bricks":28,"minecraft:oak_pressure_plate":2,"minecraft:chiseled_stone_bricks":1,"minecraft:tall_seagrass":2,"minecraft:spawner":66,"minecraft:gilded_blackstone":1,"minecraft:polished_blackstone_bricks":45,"minecraft:glowstone":1,"minecraft:mossy_cobblestone_stairs":10,"minecraft:iron_ore":31,"minecraft:fire":40,"minecraft:nether_brick_stairs":6,"minecraft:pointed_dripstone":2,"iceandfire:gold_pile":1,"minecraft:iron_bars":33,"iceandfire:chared_cobblestone":4,"minecraft:quartz_block":5,"minecraft:brown_mushroom":1,"minecraft:red_bed":3,"minecraft:blackstone":2,"gamma_beasts:jungla_hoja":9,"minecraft:kelp_plant":12,"iceandfire:myrmex_resin_jungle":3,"minecraft:torch":1,"minecraft:calcite":4,"minecraft:melon":11,"iceandfire:ghost_chest":3,"minecraft:chest":2,"minecraft:nether_quartz_ore":2,"minecraft:cobblestone":31,"minecraft:oak_planks":7,"minecraft:wall_torch":3,"minecraft:amethyst_block":4,"minecraft:seagrass":2,"minecraft:warped_nylium":29,"minecraft:birch_log":2,"minecraft:warped_fungus":1,"minecraft:stone_brick_stairs":5,"minecraft:light_gray_wool":9,"minecraft:wither_rose":2,"minecraft:grass":744,"minecraft:oak_log":17,"minecraft:beetroots":1,"minecraft:sand":1,"minecraft:dirt":29,"minecraft:netherrack":297,"minecraft:oak_leaves":6,"minecraft:redstone_lamp":4,"iceandfire:chared_stone":4,"iceandfire:lightning_lily":1,"minecraft:nether_gold_ore":1,"iceandfire:silver_ore":6,"minecraft:mossy_cobblestone":17,"gamma_beasts:roblo_hoja":35,"minecraft:nether_bricks":5,"minecraft:redstone_wire":9,"minecraft:kelp":3,"minecraft:hay_block":22,"minecraft:furnace":3,"minecraft:carrots":4,"minecraft:gold_block":20,"gamma_beasts:acacia_hoja":14,"minecraft:mossy_stone_brick_stairs":16,"minecraft:bookshelf":129,"minecraft:potatoes":3,"minecraft:vine":24,"minecraft:warped_stem":6,"iceandfire:myrmex_resin_sticky_jungle":2,"minecraft:stone":141,"minecraft:bone_block":10,"minecraft:white_wool":7,"minecraft:acacia_leaves":1,"minecraft:redstone_block":14,"minecraft:glass_pane":6,"minecraft:basalt":2,"minecraft:stone_brick_slab":2,"gamma_beasts:abedul_hoja_1":2,"minecraft:oak_fence":1,"minecraft:crafting_table":6,"gamma_beasts:acacia_hoja_1":9,"minecraft:emerald_ore":2,"minecraft:copper_ore":14,"minecraft:tall_grass":102,"minecraft:polished_blackstone_brick_stairs":2,"minecraft:diorite":3,"minecraft:warped_wart_block":4,"gamma_beasts:abedul_hojas":2,"minecraft:black_wall_banner":2,"minecraft:torchflower":1,"minecraft:white_carpet":1,"minecraft:spruce_log":2,"minecraft:birch_leaves":1,"gamma_beasts:thin_oak_log":33,"minecraft:black_wool":16,"minecraft:coal_ore":61,"minecraft:pitcher_crop":1,"minecraft:dripstone_block":1,"minecraft:cobweb":3,"minecraft:cracked_stone_bricks":25,"minecraft:polished_andesite":4,"minecraft:stone_bricks":16,"minecraft:mossy_stone_bricks":23,"minecraft:fern":2},"minecraft:custom":{"minecraft:interact_with_crafting_table":74,"minecraft:eat_cake_slice":2,"minecraft:leave_game":7,"minecraft:time_since_death":59702,"minecraft:sprint_one_cm":1752714,"minecraft:damage_blocked_by_shield":7355,"minecraft:drop":120,"minecraft:talked_to_villager":7,"minecraft:play_time":554885,"minecraft:deaths":26,"minecraft:jump":7974,"minecraft:walk_on_water_one_cm":169917,"minecraft:interact_with_furnace":57,"minecraft:sleep_in_bed":16,"minecraft:waystone_activated":2,"minecraft:damage_dealt":74377,"tombstone:undead_killed":3,"minecraft:crouch_one_cm":50055,"minecraft:horse_one_cm":619,"minecraft:interact_with_anvil":2,"minecraft:mob_kills":334,"minecraft:climb_one_cm":16503,"minecraft:walk_one_cm":1588808,"minecraft:raid_win":1,"minecraft:sneak_time":20525,"minecraft:walk_under_water_one_cm":140632,"minecraft:total_world_time":554885,"minecraft:time_since_rest":59731,"minecraft:damage_taken":2147483647,"minecraft:damage_absorbed":279,"minecraft:trigger_trapped_chest":7,"minecraft:swim_one_cm":160303,"minecraft:fly_one_cm":1454135,"minecraft:open_chest":376,"minecraft:fall_one_cm":201470},"minecraft:used":{"moonsweaponry:diamond_greatsword":1067,"minecraft:beetroot":1,"minecraft:iron_shovel":9,"minecraft:chest":18,"minecraft:shield":302,"minecraft:rotten_flesh":48,"minecraft:iron_chestplate":1,"minecraft:nether_bricks":1,"minecraft:carrot":19,"minecraft:obsidian":2,"alexsmobs:cooked_lobster_tail":1,"iceandfire:ghost_chest":2,"minecraft:iron_helmet":1,"minecraft:golden_sword":10,"minecraft:bow":128,"minecraft:dark_oak_boat":1,"minecraft:furnace":4,"minecraft:egg":4,"minecraft:potato":18,"minecraft:mossy_stone_bricks":5,"minecraft:oak_planks":80,"minecraft:stone_pickaxe":307,"minecraft:wooden_pickaxe":52,"minecraft:golden_apple":6,"minecraft:pitcher_pod":1,"minecraft:black_banner":1,"minecraft:crossbow":18,"minecraft:dripstone_block":1,"minecraft:shears":30,"gamma_beasts:kiwi":20,"moonsweaponry:wooden_greatsword":90,"minecraft:melon_slice":46,"minecraft:bread":43,"minecraft:deepslate":21,"iceandfire:chared_cobblestone":2,"gamma_beasts:bird_thigh":4,"minecraft:wooden_sword":1,"minecraft:chainmail_boots":1,"minecraft:cobweb":3,"gamma_beasts:lemon":17,"minecraft:experience_bottle":1,"minecraft:iron_bars":4,"minecraft:stone_sword":105,"minecraft:flint_and_steel":1,"minecraft:stone_shovel":40,"minecraft:dried_kelp":20,"minecraft:spruce_planks":2,"gamma_beasts:green_apple":83,"minecraft:wooden_shovel":21,"minecraft:cooked_chicken":4,"minecraft:netherrack":139,"minecraft:torch":61,"minecraft:dirt":22,"iceandfire:copper_sword":117,"minecraft:chainmail_chestplate":1,"minecraft:mossy_cobblestone_stairs":8,"minecraft:stone_brick_slab":2,"minecraft:iron_axe":45,"moonsweaponry:iron_greatsword":239,"minecraft:iron_boots":2,"minecraft:totem_of_undying":1,"moonsweaponry:stone_greatsword":136,"minecraft:beef":1,"minecraft:cooked_beef":42,"minecraft:golden_axe":8,"minecraft:cooked_mutton":8,"minecraft:water_bucket":9,"minecraft:amethyst_block":4,"minecraft:glass_bottle":4,"minecraft:baked_potato":3,"minecraft:cauldron":1,"minecraft:cracked_stone_bricks":5,"minecraft:gilded_blackstone":2,"minecraft:mossy_cobblestone":4,"minecraft:crafting_table":18,"minecraft:red_bed":3,"corail_recycler:recycler":1,"minecraft:white_bed":8,"alexsmobs:flying_fish":1,"minecraft:black_wool":2,"minecraft:diamond_pickaxe":43,"minecraft:apple":5,"minecraft:cracked_polished_blackstone_bricks":7,"minecraft:chicken":1,"minecraft:iron_pickaxe":664,"minecraft:stone_axe":156,"minecraft:cobblestone":64,"minecraft:potion":13,"minecraft:porkchop":1,"minecraft:cooked_porkchop":3,"minecraft:bucket":8},"minecraft:crafted":{"minecraft:oak_planks":132,"minecraft:dark_oak_boat":2,"moonsweaponry:diamond_greatsword":1,"minecraft:cooked_mutton":10,"minecraft:warped_planks":24,"minecraft:bow":1,"minecraft:iron_boots":1,"minecraft:chest":18,"corail_recycler:recycler":1,"minecraft:wooden_shovel":1,"minecraft:cooked_porkchop":3,"minecraft:crafting_table":9,"minecraft:spruce_planks":8,"minecraft:wooden_pickaxe":1,"minecraft:iron_helmet":1,"moonsweaponry:iron_greatsword":1,"minecraft:birch_planks":8,"minecraft:iron_chestplate":1,"minecraft:shield":2,"minecraft:stick":48,"minecraft:iron_pickaxe":2,"minecraft:iron_ingot":23,"minecraft:stone_sword":2,"minecraft:shears":1,"minecraft:wooden_sword":1,"minecraft:stone_shovel":1,"minecraft:furnace":2,"minecraft:diamond":9,"minecraft:iron_axe":1,"minecraft:stone_pickaxe":3,"minecraft:dark_oak_planks":24,"moonsweaponry:wooden_greatsword":1,"minecraft:wheat":180,"minecraft:cooked_beef":45,"alexsmobs:cooked_lobster_tail":2,"minecraft:dried_kelp":20,"minecraft:bucket":2,"minecraft:bread":39,"minecraft:air":0,"minecraft:jungle_planks":4,"minecraft:iron_shovel":1,"minecraft:iron_leggings":2,"minecraft:white_bed":3,"minecraft:acacia_planks":24,"minecraft:torch":28,"iceandfire:silver_pickaxe":1},"minecraft:dropped":{"minecraft:birch_planks":2,"minecraft:porkchop":2,"minecraft:oak_pressure_plate":1,"minecraft:cooked_beef":9,"minecraft:diamond":14,"minecraft:glass_bottle":3,"minecraft:cracked_stone_bricks":3,"iceandfire:gorgon_head":1,"minecraft:leather_helmet":2,"iceandfire:graveyard_soil":4,"minecraft:emerald":1,"minecraft:cracked_polished_blackstone_bricks":41,"minecraft:dirt":36,"minecraft:netherite_scrap":1,"minecraft:polished_blackstone_brick_stairs":3,"alexsmobs:flying_fish":1,"minecraft:polished_blackstone_bricks":60,"minecraft:ancient_debris":2,"minecraft:diamond_block":2,"minecraft:cobbled_deepslate":1,"minecraft:pointed_dripstone":8,"minecraft:rotten_flesh":8,"minecraft:oak_planks":1,"gamma_beasts:kiwi":4,"minecraft:warped_planks":14,"moonsweaponry:diamond_greatsword":1,"minecraft:leather_chestplate":2,"minecraft:leather_boots":2,"iceandfire:bestiary":1,"minecraft:chainmail_boots":1,"minecraft:leather_leggings":1,"minecraft:basalt":15,"minecraft:iron_bars":12,"minecraft:beef":3,"iceandfire:silver_pickaxe":1,"minecraft:netherrack":115,"gamma_beasts:fur":6,"minecraft:golden_boots":1,"minecraft:iron_ingot":9,"minecraft:bread":10,"minecraft:wheat_seeds":18,"minecraft:golden_helmet":1,"gamma_beasts:oak_leaf":7,"gamma_beasts:coal_nugget":9,"minecraft:lead":1,"minecraft:granite":2,"minecraft:copper_ingot":1,"minecraft:chainmail_helmet":1,"minecraft:coal":5,"minecraft:golden_apple":3,"minecraft:stick":6,"minecraft:cobweb":5,"minecraft:gray_wool":1,"iceandfire:silver_sword":2,"minecraft:melon_slice":19,"minecraft:potion":4,"minecraft:iron_leggings":1,"minecraft:string":4,"minecraft:dandelion":1,"minecraft:furnace":3,"minecraft:chicken":2,"minecraft:iron_boots":1,"minecraft:totem_of_undying":2,"gamma_beasts:green_apple":8,"minecraft:diamond_sword":1,"gamma_beasts:meat":2,"minecraft:stone":1,"minecraft:shield":2,"iceandfire:copper_sword":1,"minecraft:iron_chestplate":1,"iceandfire:silver_ingot":5,"minecraft:golden_leggings":1,"minecraft:spider_eye":1,"minecraft:bow":1,"minecraft:stone_pickaxe":1,"moonsweaponry:stone_greatsword":1,"gamma_beasts:jungle_leaf":6},"minecraft:broken":{"minecraft:golden_helmet":1,"minecraft:leather_leggings":1,"moonsweaponry:wooden_greatsword":1,"minecraft:chainmail_boots":1,"minecraft:stone_pickaxe":1,"minecraft:chainmail_chestplate":1,"minecraft:stone_axe":1,"minecraft:bow":1,"minecraft:shield":2,"minecraft:golden_axe":1,"moonsweaponry:stone_greatsword":1,"minecraft:iron_pickaxe":2}},"DataVersion":3465}