{"stats":{"minecraft:custom":{"minecraft:mob_kills":38,"minecraft:interact_with_crafting_table":25,"minecraft:leave_game":2,"minecraft:time_since_death":62992,"minecraft:climb_one_cm":4262,"minecraft:sprint_one_cm":282276,"minecraft:walk_one_cm":290391,"minecraft:damage_blocked_by_shield":2950,"minecraft:drop":21,"minecraft:talked_to_villager":1,"minecraft:play_time":113464,"minecraft:deaths":6,"minecraft:sneak_time":2455,"minecraft:walk_under_water_one_cm":14056,"minecraft:jump":1935,"minecraft:walk_on_water_one_cm":27712,"minecraft:total_world_time":113464,"minecraft:interact_with_furnace":21,"minecraft:sleep_in_bed":5,"minecraft:time_since_rest":14087,"minecraft:waystone_activated":1,"minecraft:damage_taken":2147483647,"minecraft:trigger_trapped_chest":5,"minecraft:damage_dealt":10908,"minecraft:swim_one_cm":45441,"minecraft:fly_one_cm":378619,"minecraft:open_chest":31,"minecraft:crouch_one_cm":6029,"minecraft:fall_one_cm":42170},"minecraft:picked_up":{"minecraft:crafting_table":2,"iceandfire:copper_sword":2,"gamma_beasts:fur":9,"minecraft:brown_mushroom":3,"minecraft:wooden_pickaxe":5,"minecraft:wither_rose":2,"minecraft:shield":8,"minecraft:string":11,"minecraft:raw_copper":32,"gamma_beasts:acacia_leaf":8,"iceandfire:graveyard_soil":1,"iceandfire:bestiary":1,"minecraft:cracked_stone_bricks":2,"moonsweaponry:iron_greatsword":1,"minecraft:beef":1,"minecraft:melon_slice":67,"alexsmobs:cooked_lobster_tail":1,"minecraft:iron_boots":1,"minecraft:furnace":5,"gamma_beasts:lemon":11,"gamma_beasts:jungle_leaf":6,"minecraft:stick":11,"minecraft:raw_iron":23,"minecraft:torch":1,"minecraft:acacia_log":6,"minecraft:porkchop":3,"iceandfire:myrmex_resin_sticky_jungle":1,"minecraft:dried_kelp":18,"minecraft:redstone":40,"minecraft:stone_sword":6,"minecraft:arrow":3,"minecraft:rotten_flesh":13,"minecraft:stone_shovel":1,"gamma_beasts:kiwi":10,"minecraft:hay_block":6,"alexsmobs:emu_egg":1,"gamma_beasts:coal_nugget":11,"minecraft:iron_bars":2,"minecraft:white_wool":2,"minecraft:bone_block":10,"alexsmobs:flying_fish":1,"minecraft:cobblestone":312,"minecraft:feather":1,"minecraft:jungle_log":1,"minecraft:oak_log":5,"iceandfire:armor_copper_metal_helmet":1,"minecraft:gunpowder":4,"iceandfire:myrmex_resin_jungle":3,"minecraft:dirt":62,"minecraft:cooked_mutton":3,"minecraft:bone":4,"minecraft:acacia_planks":15,"minecraft:stone_bricks":2,"minecraft:kelp":107,"iceandfire:myrmex_jungle_resin":21,"minecraft:bow":2,"gamma_beasts:meat":2,"minecraft:wheat_seeds":16,"minecraft:iron_ingot":2,"minecraft:stone_pickaxe":1,"minecraft:mossy_stone_bricks":1,"minecraft:oak_planks":18,"minecraft:acacia_sapling":1,"minecraft:stone_brick_slab":2,"minecraft:quartz":2,"minecraft:sand":1,"sophisticatedbackpacks:iron_backpack":1,"minecraft:white_bed":3,"minecraft:spider_eye":2,"minecraft:sugar":2,"minecraft:stone_axe":5,"iceandfire:silver_sword":2,"minecraft:granite":2,"iceandfire:myrmex_jungle_biolight":2,"iceandfire:gorgon_head":1,"alexsmobs:maggot":1,"minecraft:netherrack":45,"minecraft:coal":58,"iceandfire:raw_silver":6},"minecraft:mined":{"iceandfire:graveyard_soil":1,"minecraft:white_bed":2,"gamma_beasts:jungla_hoja_1":2,"iceandfire:silver_ore":5,"minecraft:jungle_leaves":3,"minecraft:acacia_log":7,"minecraft:grass_block":38,"minecraft:jungle_log":1,"minecraft:redstone_wire":9,"minecraft:kelp":3,"minecraft:spawner":1,"minecraft:hay_block":6,"minecraft:tall_seagrass":2,"minecraft:furnace":2,"minecraft:fire":4,"minecraft:iron_ore":23,"gamma_beasts:acacia_hoja":5,"minecraft:vine":3,"minecraft:iron_bars":2,"iceandfire:myrmex_resin_sticky_jungle":2,"minecraft:stone":104,"minecraft:bone_block":10,"minecraft:acacia_leaves":1,"minecraft:brown_mushroom":1,"gamma_beasts:jungla_hoja":3,"minecraft:kelp_plant":12,"iceandfire:myrmex_resin_jungle":3,"minecraft:stone_brick_slab":2,"gamma_beasts:acacia_hoja_1":8,"minecraft:crafting_table":2,"minecraft:melon":8,"minecraft:nether_quartz_ore":2,"minecraft:tall_grass":1,"minecraft:copper_ore":10,"minecraft:cobblestone":8,"minecraft:oak_planks":1,"minecraft:seagrass":2,"minecraft:wither_rose":2,"minecraft:grass":34,"minecraft:oak_log":5,"minecraft:coal_ore":39,"minecraft:sand":1,"minecraft:dirt":24,"minecraft:cracked_stone_bricks":2,"minecraft:netherrack":48,"minecraft:stone_bricks":1,"minecraft:mossy_stone_bricks":1,"minecraft:oak_leaves":6,"minecraft:fern":1},"minecraft:killed":{"alexsmobs:hummingbird":1,"minecraft:witch":1,"iceandfire:gorgon":1,"minecraft:spider":10,"gamma_beasts:radioactive_bear_a":1,"minecraft:skeleton":5,"minecraft:pig":1,"minecraft:creeper":2,"alexsmobs:emu":1,"minecraft:zombie":10,"iceandfire:ghost":1,"alexsmobs:fly":1,"fear_of_the_abyss:unknown":2,"minecraft:cow":1},"minecraft:used":{"minecraft:flint_and_steel":1,"minecraft:stone_sword":105,"minecraft:stone_shovel":40,"minecraft:dried_kelp":12,"minecraft:chest":2,"minecraft:shield":158,"minecraft:wooden_shovel":21,"minecraft:rotten_flesh":10,"minecraft:torch":29,"minecraft:dirt":21,"iceandfire:copper_sword":3,"minecraft:obsidian":2,"minecraft:stone_brick_slab":2,"alexsmobs:cooked_lobster_tail":1,"moonsweaponry:iron_greatsword":232,"minecraft:iron_boots":1,"minecraft:bow":1,"minecraft:furnace":1,"minecraft:water_bucket":1,"minecraft:mossy_stone_bricks":1,"minecraft:stone_pickaxe":204,"minecraft:wooden_pickaxe":26,"minecraft:cracked_stone_bricks":2,"minecraft:crafting_table":6,"minecraft:white_bed":3,"gamma_beasts:kiwi":6,"minecraft:bread":14,"minecraft:melon_slice":28,"minecraft:iron_pickaxe":57,"minecraft:stone_axe":22,"minecraft:wooden_sword":1,"minecraft:cobblestone":38,"minecraft:cooked_porkchop":3,"minecraft:bucket":2,"gamma_beasts:lemon":6},"minecraft:crafted":{"minecraft:wooden_sword":1,"minecraft:oak_planks":40,"minecraft:stone_shovel":1,"minecraft:stone_pickaxe":2,"minecraft:chest":2,"minecraft:wheat":54,"minecraft:wooden_shovel":1,"minecraft:cooked_porkchop":3,"alexsmobs:cooked_lobster_tail":2,"minecraft:crafting_table":2,"minecraft:dried_kelp":12,"minecraft:wooden_pickaxe":1,"minecraft:iron_helmet":1,"moonsweaponry:iron_greatsword":1,"minecraft:bucket":2,"minecraft:bread":18,"minecraft:air":0,"minecraft:jungle_planks":4,"minecraft:stick":24,"minecraft:iron_ingot":23,"minecraft:iron_pickaxe":1,"minecraft:stone_sword":2,"minecraft:iron_leggings":1,"minecraft:white_bed":1,"minecraft:acacia_planks":24,"minecraft:torch":28},"minecraft:dropped":{"minecraft:iron_ingot":8,"minecraft:wheat_seeds":5,"minecraft:granite":2,"iceandfire:gorgon_head":1,"minecraft:emerald":1,"minecraft:stick":3,"iceandfire:silver_sword":2,"minecraft:melon_slice":19,"alexsmobs:flying_fish":1,"minecraft:string":1,"minecraft:furnace":3,"minecraft:rotten_flesh":1,"gamma_beasts:kiwi":4,"minecraft:shield":1,"iceandfire:copper_sword":1,"iceandfire:bestiary":1,"gamma_beasts:jungle_leaf":6},"minecraft:broken":{"minecraft:stone_pickaxe":1,"minecraft:shield":1},"minecraft:killed_by":{"minecraft:player":1,"alexsmobs:emu":1,"iceandfire:gorgon":4}},"DataVersion":3465}