{"stats":{"minecraft:custom":{"minecraft:mob_kills":63,"minecraft:interact_with_crafting_table":35,"minecraft:leave_game":3,"minecraft:time_since_death":21730,"minecraft:climb_one_cm":4781,"minecraft:sprint_one_cm":496418,"minecraft:walk_one_cm":485588,"minecraft:damage_blocked_by_shield":2950,"minecraft:drop":29,"minecraft:talked_to_villager":6,"minecraft:raid_win":1,"minecraft:play_time":187694,"minecraft:sneak_time":5792,"minecraft:deaths":10,"minecraft:walk_under_water_one_cm":26389,"minecraft:jump":3267,"minecraft:walk_on_water_one_cm":54190,"minecraft:total_world_time":187694,"minecraft:interact_with_furnace":28,"minecraft:sleep_in_bed":9,"minecraft:time_since_rest":12058,"minecraft:waystone_activated":1,"minecraft:damage_taken":2147483647,"minecraft:trigger_trapped_chest":5,"minecraft:damage_dealt":19751,"minecraft:swim_one_cm":56418,"minecraft:fly_one_cm":637893,"minecraft:open_chest":58,"minecraft:crouch_one_cm":18591,"minecraft:fall_one_cm":79061},"minecraft:picked_up":{"iceandfire:dragon_skull_lightning":2,"minecraft:crafting_table":5,"minecraft:wheat":3,"minecraft:chicken":1,"iceandfire:copper_sword":4,"gamma_beasts:fur":16,"minecraft:brown_mushroom":3,"minecraft:wooden_pickaxe":5,"minecraft:wither_rose":2,"minecraft:shield":9,"iceandfire:manuscript":10,"minecraft:red_bed":1,"minecraft:string":13,"minecraft:raw_copper":32,"gamma_beasts:acacia_leaf":8,"minecraft:experience_bottle":1,"minecraft:blackstone":1,"iceandfire:bestiary":1,"iceandfire:graveyard_soil":2,"minecraft:cracked_stone_bricks":2,"moonsweaponry:iron_greatsword":1,"minecraft:beef":9,"minecraft:melon_slice":95,"alexsmobs:cooked_lobster_tail":1,"minecraft:furnace":5,"gamma_beasts:lemon":25,"minecraft:iron_boots":1,"iceandfire:ghost_chest":1,"gamma_beasts:jungle_leaf":18,"minecraft:stick":11,"minecraft:raw_iron":23,"minecraft:copper_ingot":2,"minecraft:torch":1,"minecraft:acacia_log":6,"iceandfire:myrmex_resin_sticky_jungle":1,"minecraft:porkchop":6,"minecraft:polished_blackstone_bricks":13,"minecraft:golden_axe":1,"minecraft:dried_kelp":18,"iceandfire:rotten_egg":2,"minecraft:carrot":5,"minecraft:redstone":40,"moonsweaponry:stone_greatsword":2,"iceandfire:lightning_lily":1,"minecraft:stone_sword":6,"minecraft:arrow":3,"minecraft:rotten_flesh":21,"minecraft:stone_shovel":1,"gamma_beasts:kiwi":10,"minecraft:hay_block":13,"alexsmobs:emu_egg":1,"gamma_beasts:coal_nugget":11,"minecraft:mutton":2,"minecraft:iron_bars":2,"minecraft:bone_block":10,"alexsmobs:flying_fish":2,"minecraft:white_wool":8,"minecraft:cobblestone":312,"minecraft:feather":2,"minecraft:water_bucket":1,"minecraft:jungle_log":1,"minecraft:dark_oak_boat":1,"minecraft:birch_planks":3,"gamma_beasts:bird_thigh":4,"minecraft:crimson_fungus":1,"gamma_beasts:green_apple":36,"minecraft:oak_log":5,"gamma_beasts:oak_leaf":8,"minecraft:gunpowder":4,"iceandfire:armor_copper_metal_helmet":1,"iceandfire:myrmex_resin_jungle":3,"minecraft:dirt":62,"minecraft:white_banner":1,"minecraft:twisting_vines":1,"minecraft:cooked_mutton":3,"minecraft:bone":22,"minecraft:acacia_planks":15,"minecraft:stone_bricks":2,"iceandfire:myrmex_jungle_resin":21,"minecraft:kelp":107,"minecraft:bow":2,"minecraft:wheat_seeds":24,"gamma_beasts:meat":2,"minecraft:warped_stem":6,"minecraft:stone_pickaxe":1,"minecraft:iron_ingot":4,"minecraft:mossy_stone_bricks":1,"minecraft:acacia_sapling":1,"minecraft:oak_planks":18,"minecraft:warped_fungus":1,"minecraft:stone_brick_slab":2,"minecraft:warped_wart_block":1,"minecraft:quartz":2,"minecraft:sand":1,"sophisticatedbackpacks:iron_backpack":1,"minecraft:white_bed":7,"minecraft:diamond_block":1,"minecraft:dark_oak_log":6,"minecraft:spider_eye":2,"alexsmobs:raw_catfish":1,"minecraft:sugar":2,"minecraft:deepslate":4,"minecraft:diamond":1,"minecraft:stone_axe":5,"iceandfire:silver_sword":2,"minecraft:cracked_polished_blackstone_bricks":7,"minecraft:crossbow":2,"minecraft:granite":2,"moonsweaponry:wooden_greatsword":1,"minecraft:bread":23,"iceandfire:myrmex_jungle_biolight":2,"minecraft:warped_roots":2,"iceandfire:gorgon_head":1,"alexsmobs:maggot":1,"minecraft:black_wool":2,"minecraft:netherrack":90,"minecraft:coal":63,"iceandfire:raw_silver":6},"minecraft:mined":{"iceandfire:lightning_lily":1,"gamma_beasts:roble_hoja_1":5,"minecraft:white_bed":4,"iceandfire:graveyard_soil":1,"gamma_beasts:jungla_hoja_1":12,"iceandfire:silver_ore":5,"minecraft:jungle_leaves":5,"gamma_beasts:roblo_hoja":12,"minecraft:acacia_log":7,"minecraft:grass_block":38,"minecraft:jungle_log":1,"minecraft:cracked_polished_blackstone_bricks":8,"minecraft:redstone_wire":9,"minecraft:kelp":3,"minecraft:spawner":1,"minecraft:hay_block":14,"minecraft:polished_blackstone_bricks":18,"minecraft:tall_seagrass":2,"minecraft:furnace":2,"minecraft:iron_ore":23,"minecraft:fire":15,"gamma_beasts:acacia_hoja":5,"minecraft:vine":4,"minecraft:iron_bars":2,"minecraft:warped_stem":6,"iceandfire:myrmex_resin_sticky_jungle":2,"minecraft:stone":104,"minecraft:bone_block":10,"minecraft:white_wool":5,"minecraft:acacia_leaves":1,"minecraft:brown_mushroom":1,"minecraft:red_bed":1,"gamma_beasts:jungla_hoja":9,"minecraft:kelp_plant":12,"iceandfire:myrmex_resin_jungle":3,"minecraft:stone_brick_slab":2,"minecraft:crafting_table":4,"gamma_beasts:acacia_hoja_1":8,"minecraft:melon":11,"iceandfire:ghost_chest":1,"minecraft:nether_quartz_ore":2,"minecraft:copper_ore":10,"minecraft:tall_grass":10,"minecraft:cobblestone":8,"minecraft:oak_planks":1,"minecraft:warped_wart_block":1,"minecraft:seagrass":2,"minecraft:warped_nylium":28,"minecraft:wither_rose":2,"minecraft:grass":46,"minecraft:oak_log":5,"minecraft:coal_ore":39,"minecraft:sand":1,"minecraft:dirt":24,"minecraft:cracked_stone_bricks":2,"minecraft:stone_bricks":1,"minecraft:netherrack":69,"minecraft:mossy_stone_bricks":1,"minecraft:oak_leaves":6,"minecraft:fern":1},"minecraft:killed":{"alexsmobs:hummingbird":1,"minecraft:witch":1,"iceandfire:gorgon":1,"minecraft:spider":12,"gamma_beasts:radioactive_bear_a":1,"minecraft:skeleton":6,"minecraft:chicken":1,"gamma_beasts:crasu_c":1,"alexsmobs:bison":1,"gamma_beasts:diamond_golem_c":1,"minecraft:piglin_brute":1,"alexsmobs:flying_fish":1,"minecraft:pig":2,"minecraft:creeper":2,"alexsmobs:emu":1,"minecraft:sheep":1,"gamma_beasts:diamond_golem_a":1,"alexsmobs:catfish":1,"minecraft:pillager":9,"minecraft:zombie":10,"iceandfire:ghost":1,"gamma_beasts:crasu_a":1,"alexsmobs:fly":1,"fear_of_the_abyss:unknown":4,"minecraft:cow":1},"minecraft:crafted":{"minecraft:wooden_sword":1,"minecraft:oak_planks":40,"minecraft:stone_shovel":1,"minecraft:dark_oak_boat":2,"moonsweaponry:diamond_greatsword":1,"minecraft:warped_planks":24,"minecraft:diamond":9,"minecraft:stone_pickaxe":2,"minecraft:chest":2,"minecraft:dark_oak_planks":24,"moonsweaponry:wooden_greatsword":1,"minecraft:wheat":117,"minecraft:wooden_shovel":1,"minecraft:cooked_porkchop":3,"alexsmobs:cooked_lobster_tail":2,"minecraft:crafting_table":4,"minecraft:dried_kelp":20,"minecraft:iron_helmet":1,"minecraft:wooden_pickaxe":1,"moonsweaponry:iron_greatsword":1,"minecraft:bucket":2,"minecraft:bread":18,"minecraft:air":0,"minecraft:jungle_planks":4,"minecraft:stick":32,"minecraft:iron_ingot":23,"minecraft:iron_pickaxe":1,"minecraft:stone_sword":2,"minecraft:iron_leggings":1,"minecraft:white_bed":3,"minecraft:acacia_planks":24,"minecraft:torch":28},"minecraft:dropped":{"minecraft:iron_ingot":9,"minecraft:wheat_seeds":5,"minecraft:diamond":5,"minecraft:granite":2,"iceandfire:gorgon_head":1,"minecraft:stick":6,"minecraft:emerald":1,"iceandfire:silver_sword":2,"minecraft:melon_slice":19,"alexsmobs:flying_fish":1,"minecraft:string":1,"minecraft:furnace":3,"minecraft:rotten_flesh":1,"gamma_beasts:kiwi":4,"minecraft:warped_planks":14,"gamma_beasts:green_apple":8,"minecraft:shield":1,"iceandfire:copper_sword":1,"iceandfire:bestiary":1,"minecraft:beef":3,"minecraft:netherrack":51,"gamma_beasts:jungle_leaf":6},"minecraft:used":{"moonsweaponry:diamond_greatsword":18,"minecraft:stone_sword":105,"minecraft:flint_and_steel":1,"minecraft:stone_shovel":40,"minecraft:dried_kelp":20,"minecraft:chest":2,"minecraft:shield":158,"gamma_beasts:green_apple":26,"minecraft:wooden_shovel":21,"minecraft:rotten_flesh":13,"minecraft:netherrack":39,"minecraft:torch":29,"minecraft:dirt":21,"iceandfire:copper_sword":35,"minecraft:obsidian":2,"minecraft:stone_brick_slab":2,"alexsmobs:cooked_lobster_tail":1,"moonsweaponry:iron_greatsword":239,"minecraft:iron_boots":1,"moonsweaponry:stone_greatsword":136,"minecraft:dark_oak_boat":1,"minecraft:bow":1,"minecraft:beef":1,"minecraft:furnace":1,"minecraft:water_bucket":2,"minecraft:mossy_stone_bricks":1,"minecraft:stone_pickaxe":204,"minecraft:wooden_pickaxe":26,"minecraft:cracked_stone_bricks":2,"minecraft:crafting_table":10,"minecraft:white_bed":7,"moonsweaponry:wooden_greatsword":90,"gamma_beasts:kiwi":6,"minecraft:cracked_polished_blackstone_bricks":4,"minecraft:bread":18,"minecraft:melon_slice":42,"minecraft:iron_pickaxe":132,"gamma_beasts:bird_thigh":2,"minecraft:stone_axe":22,"minecraft:wooden_sword":1,"minecraft:cobblestone":39,"minecraft:porkchop":1,"minecraft:cooked_porkchop":3,"minecraft:bucket":2,"gamma_beasts:lemon":6,"minecraft:experience_bottle":1},"minecraft:broken":{"moonsweaponry:wooden_greatsword":1,"minecraft:stone_pickaxe":1,"minecraft:shield":1,"moonsweaponry:stone_greatsword":1},"minecraft:killed_by":{"minecraft:player":1,"minecraft:piglin_brute":2,"alexsmobs:emu":1,"iceandfire:gorgon":4,"fear_of_the_abyss:unknown":1}},"DataVersion":3465}