{"stats":{"minecraft:custom":{"minecraft:mob_kills":71,"minecraft:interact_with_crafting_table":41,"minecraft:leave_game":4,"minecraft:time_since_death":12537,"minecraft:climb_one_cm":4781,"minecraft:sprint_one_cm":596151,"minecraft:walk_one_cm":578660,"minecraft:damage_blocked_by_shield":2950,"minecraft:drop":33,"minecraft:talked_to_villager":6,"minecraft:raid_win":1,"minecraft:play_time":223259,"minecraft:sneak_time":5938,"minecraft:deaths":13,"minecraft:walk_under_water_one_cm":51703,"minecraft:jump":3858,"minecraft:walk_on_water_one_cm":70201,"minecraft:total_world_time":223259,"minecraft:interact_with_furnace":29,"minecraft:sleep_in_bed":12,"minecraft:time_since_rest":805,"minecraft:waystone_activated":2,"minecraft:damage_taken":2147483647,"minecraft:trigger_trapped_chest":5,"minecraft:damage_dealt":21557,"minecraft:swim_one_cm":63374,"minecraft:fly_one_cm":759224,"minecraft:open_chest":68,"minecraft:crouch_one_cm":19037,"minecraft:fall_one_cm":96003,"minecraft:horse_one_cm":619},"minecraft:picked_up":{"iceandfire:dragon_skull_lightning":2,"minecraft:crafting_table":6,"minecraft:wheat":3,"minecraft:chicken":5,"iceandfire:copper_sword":5,"minecraft:leather_leggings":1,"gamma_beasts:fur":17,"minecraft:brown_mushroom":3,"minecraft:wooden_pickaxe":5,"minecraft:wither_rose":2,"minecraft:shield":9,"iceandfire:manuscript":36,"minecraft:string":13,"minecraft:red_bed":4,"minecraft:raw_copper":32,"gamma_beasts:acacia_leaf":8,"minecraft:experience_bottle":1,"minecraft:blackstone":1,"iceandfire:graveyard_soil":2,"minecraft:cracked_stone_bricks":2,"iceandfire:bestiary":1,"minecraft:bucket":1,"moonsweaponry:iron_greatsword":1,"minecraft:beef":9,"minecraft:melon_slice":98,"alexsmobs:cooked_lobster_tail":1,"gamma_beasts:lemon":34,"minecraft:iron_boots":1,"minecraft:furnace":5,"minecraft:raw_iron":23,"minecraft:stick":11,"gamma_beasts:jungle_leaf":18,"iceandfire:ghost_chest":3,"minecraft:copper_ingot":2,"minecraft:torch":1,"minecraft:acacia_log":6,"minecraft:porkchop":6,"iceandfire:myrmex_resin_sticky_jungle":1,"minecraft:polished_blackstone_bricks":13,"minecraft:golden_axe":1,"minecraft:dried_kelp":18,"iceandfire:rotten_egg":2,"minecraft:carrot":5,"minecraft:redstone":40,"moonsweaponry:stone_greatsword":2,"minecraft:dark_oak_planks":14,"iceandfire:lightning_lily":1,"iceandfire:silver_ingot":6,"minecraft:stone_sword":6,"minecraft:arrow":3,"minecraft:stone_shovel":1,"minecraft:rotten_flesh":21,"gamma_beasts:kiwi":10,"minecraft:hay_block":20,"alexsmobs:emu_egg":1,"gamma_beasts:coal_nugget":11,"minecraft:gold_ingot":2,"minecraft:mutton":2,"minecraft:bone_block":10,"minecraft:iron_bars":2,"minecraft:white_wool":8,"alexsmobs:flying_fish":3,"minecraft:cobblestone":312,"minecraft:leather_chestplate":1,"minecraft:feather":4,"minecraft:cooked_beef":1,"minecraft:water_bucket":1,"minecraft:jungle_log":1,"minecraft:leather":2,"minecraft:dark_oak_boat":2,"minecraft:birch_planks":3,"minecraft:potato":9,"gamma_beasts:bird_thigh":4,"iceandfire:ectoplasm":2,"minecraft:crimson_fungus":1,"minecraft:oak_log":5,"gamma_beasts:green_apple":37,"gamma_beasts:oak_leaf":8,"iceandfire:armor_copper_metal_helmet":1,"minecraft:gunpowder":4,"iceandfire:myrmex_resin_jungle":3,"minecraft:dirt":63,"minecraft:white_banner":3,"minecraft:twisting_vines":1,"minecraft:cooked_mutton":3,"minecraft:bone":46,"minecraft:acacia_planks":15,"minecraft:kelp":107,"minecraft:stone_bricks":2,"iceandfire:myrmex_jungle_resin":21,"minecraft:bow":2,"minecraft:wheat_seeds":41,"gamma_beasts:meat":2,"minecraft:warped_stem":6,"minecraft:iron_ingot":4,"minecraft:stone_pickaxe":1,"minecraft:mossy_stone_bricks":1,"minecraft:oak_planks":24,"minecraft:acacia_sapling":1,"minecraft:warped_fungus":1,"minecraft:stone_brick_slab":2,"minecraft:warped_wart_block":1,"minecraft:quartz":2,"minecraft:sand":1,"sophisticatedbackpacks:iron_backpack":1,"minecraft:white_bed":7,"minecraft:diamond_block":1,"minecraft:dark_oak_log":6,"minecraft:spider_eye":2,"alexsmobs:raw_catfish":1,"minecraft:sugar":2,"minecraft:deepslate":4,"minecraft:diamond":2,"minecraft:stone_axe":5,"iceandfire:silver_sword":2,"minecraft:cracked_polished_blackstone_bricks":7,"minecraft:crossbow":3,"minecraft:granite":2,"moonsweaponry:wooden_greatsword":1,"iceandfire:myrmex_jungle_biolight":2,"minecraft:warped_roots":2,"minecraft:bread":23,"alexsmobs:maggot":1,"iceandfire:gorgon_head":1,"minecraft:netherrack":90,"minecraft:black_wool":2,"minecraft:coal":63,"iceandfire:raw_silver":6},"minecraft:mined":{"iceandfire:lightning_lily":1,"minecraft:white_bed":4,"gamma_beasts:roble_hoja_1":5,"iceandfire:silver_ore":5,"gamma_beasts:jungla_hoja_1":12,"iceandfire:graveyard_soil":1,"minecraft:jungle_leaves":5,"gamma_beasts:roblo_hoja":12,"minecraft:acacia_log":7,"minecraft:grass_block":39,"minecraft:jungle_log":1,"minecraft:cracked_polished_blackstone_bricks":8,"minecraft:redstone_wire":9,"minecraft:kelp":3,"minecraft:spawner":1,"minecraft:hay_block":22,"minecraft:polished_blackstone_bricks":18,"minecraft:tall_seagrass":2,"minecraft:furnace":2,"minecraft:iron_ore":23,"minecraft:fire":19,"gamma_beasts:acacia_hoja":5,"minecraft:vine":5,"minecraft:iron_bars":2,"minecraft:warped_stem":6,"iceandfire:myrmex_resin_sticky_jungle":2,"minecraft:stone":104,"minecraft:bone_block":10,"minecraft:white_wool":5,"minecraft:acacia_leaves":1,"minecraft:brown_mushroom":1,"minecraft:red_bed":3,"gamma_beasts:jungla_hoja":9,"minecraft:kelp_plant":12,"iceandfire:myrmex_resin_jungle":3,"minecraft:stone_brick_slab":2,"gamma_beasts:acacia_hoja_1":8,"minecraft:crafting_table":5,"minecraft:melon":11,"iceandfire:ghost_chest":2,"minecraft:nether_quartz_ore":2,"minecraft:copper_ore":10,"minecraft:tall_grass":17,"minecraft:cobblestone":8,"minecraft:oak_planks":1,"minecraft:warped_wart_block":1,"minecraft:seagrass":2,"minecraft:warped_nylium":28,"minecraft:birch_leaves":1,"minecraft:wither_rose":2,"minecraft:grass":133,"minecraft:coal_ore":39,"minecraft:oak_log":5,"minecraft:sand":1,"minecraft:dirt":24,"minecraft:cracked_stone_bricks":2,"minecraft:stone_bricks":1,"minecraft:netherrack":69,"minecraft:mossy_stone_bricks":1,"minecraft:oak_leaves":6,"minecraft:fern":1},"minecraft:killed":{"alexsmobs:hummingbird":1,"minecraft:witch":1,"iceandfire:gorgon":1,"minecraft:spider":12,"gamma_beasts:radioactive_bear_a":1,"minecraft:skeleton":6,"minecraft:chicken":3,"gamma_beasts:crasu_c":1,"alexsmobs:bison":1,"gamma_beasts:diamond_golem_c":1,"minecraft:piglin_brute":1,"alexsmobs:flying_fish":1,"minecraft:pig":2,"minecraft:creeper":2,"alexsmobs:emu":1,"minecraft:sheep":1,"gamma_beasts:diamond_golem_a":2,"alexsmobs:catfish":1,"minecraft:pillager":13,"minecraft:zombie":10,"iceandfire:ghost":1,"gamma_beasts:crasu_a":1,"alexsmobs:fly":1,"fear_of_the_abyss:unknown":4,"minecraft:cow":1},"minecraft:crafted":{"minecraft:wooden_sword":1,"minecraft:oak_planks":40,"minecraft:stone_shovel":1,"minecraft:dark_oak_boat":2,"minecraft:furnace":1,"moonsweaponry:diamond_greatsword":1,"minecraft:warped_planks":24,"minecraft:diamond":9,"minecraft:stone_pickaxe":2,"minecraft:chest":3,"minecraft:dark_oak_planks":24,"minecraft:wheat":180,"moonsweaponry:wooden_greatsword":1,"minecraft:wooden_shovel":1,"minecraft:cooked_porkchop":3,"alexsmobs:cooked_lobster_tail":2,"minecraft:crafting_table":6,"minecraft:dried_kelp":20,"minecraft:wooden_pickaxe":1,"minecraft:iron_helmet":1,"moonsweaponry:iron_greatsword":1,"minecraft:bucket":2,"minecraft:bread":39,"minecraft:air":0,"minecraft:jungle_planks":4,"minecraft:stick":32,"minecraft:iron_ingot":23,"minecraft:iron_pickaxe":1,"minecraft:stone_sword":2,"minecraft:iron_leggings":1,"minecraft:white_bed":3,"iceandfire:silver_pickaxe":1,"minecraft:acacia_planks":24,"minecraft:torch":28},"minecraft:dropped":{"minecraft:iron_ingot":9,"minecraft:wheat_seeds":11,"minecraft:diamond":5,"minecraft:granite":2,"iceandfire:gorgon_head":1,"minecraft:emerald":1,"minecraft:stick":6,"iceandfire:silver_sword":2,"alexsmobs:flying_fish":1,"minecraft:melon_slice":19,"minecraft:string":1,"minecraft:furnace":3,"minecraft:rotten_flesh":1,"gamma_beasts:kiwi":4,"minecraft:warped_planks":14,"gamma_beasts:green_apple":8,"minecraft:shield":1,"iceandfire:copper_sword":1,"iceandfire:bestiary":1,"minecraft:beef":3,"minecraft:netherrack":51,"gamma_beasts:jungle_leaf":6},"minecraft:used":{"moonsweaponry:diamond_greatsword":18,"minecraft:stone_sword":105,"minecraft:flint_and_steel":1,"minecraft:stone_shovel":40,"minecraft:dried_kelp":20,"minecraft:chest":2,"minecraft:shield":158,"gamma_beasts:green_apple":32,"minecraft:wooden_shovel":21,"minecraft:rotten_flesh":13,"minecraft:netherrack":39,"minecraft:torch":29,"minecraft:dirt":22,"iceandfire:copper_sword":117,"minecraft:obsidian":2,"minecraft:stone_brick_slab":2,"alexsmobs:cooked_lobster_tail":1,"moonsweaponry:iron_greatsword":239,"iceandfire:ghost_chest":1,"minecraft:iron_boots":1,"moonsweaponry:stone_greatsword":136,"minecraft:beef":1,"minecraft:bow":1,"minecraft:dark_oak_boat":1,"minecraft:furnace":2,"minecraft:cooked_beef":1,"minecraft:water_bucket":9,"minecraft:mossy_stone_bricks":1,"minecraft:stone_pickaxe":204,"minecraft:wooden_pickaxe":26,"minecraft:cracked_stone_bricks":2,"minecraft:red_bed":3,"minecraft:crafting_table":14,"minecraft:white_bed":7,"alexsmobs:flying_fish":1,"moonsweaponry:wooden_greatsword":90,"gamma_beasts:kiwi":6,"minecraft:cracked_polished_blackstone_bricks":4,"minecraft:bread":19,"minecraft:melon_slice":46,"minecraft:iron_pickaxe":132,"gamma_beasts:bird_thigh":2,"minecraft:stone_axe":22,"minecraft:wooden_sword":1,"minecraft:cobblestone":39,"minecraft:porkchop":1,"minecraft:cooked_porkchop":3,"minecraft:bucket":8,"gamma_beasts:lemon":17,"minecraft:experience_bottle":1},"minecraft:broken":{"moonsweaponry:wooden_greatsword":1,"minecraft:stone_pickaxe":1,"minecraft:shield":1,"moonsweaponry:stone_greatsword":1},"minecraft:killed_by":{"minecraft:player":1,"minecraft:piglin_brute":2,"alexsmobs:emu":1,"iceandfire:gorgon":4,"gamma_beasts:diamond_golem_a":1,"fear_of_the_abyss:unknown":1,"iceandfire:fire_dragon":2}},"DataVersion":3465}