{"stats":{"minecraft:custom":{"minecraft:interact_with_crafting_table":43,"minecraft:leave_game":4,"minecraft:time_since_death":2097,"minecraft:sprint_one_cm":847051,"minecraft:damage_blocked_by_shield":4036,"minecraft:drop":61,"minecraft:talked_to_villager":6,"minecraft:play_time":307259,"minecraft:deaths":20,"minecraft:jump":4559,"minecraft:walk_on_water_one_cm":88991,"minecraft:interact_with_furnace":36,"minecraft:sleep_in_bed":12,"minecraft:waystone_activated":2,"minecraft:damage_dealt":38940,"minecraft:crouch_one_cm":31645,"minecraft:horse_one_cm":619,"minecraft:mob_kills":164,"minecraft:climb_one_cm":9510,"minecraft:walk_one_cm":865531,"minecraft:raid_win":1,"minecraft:sneak_time":10891,"minecraft:walk_under_water_one_cm":63412,"minecraft:total_world_time":307259,"minecraft:time_since_rest":2125,"minecraft:damage_taken":2147483647,"minecraft:damage_absorbed":119,"minecraft:trigger_trapped_chest":5,"minecraft:swim_one_cm":70324,"minecraft:fly_one_cm":840796,"minecraft:open_chest":146,"minecraft:fall_one_cm":110839},"minecraft:picked_up":{"minecraft:iron_chestplate":1,"minecraft:wheat":3,"minecraft:chainmail_boots":6,"iceandfire:copper_sword":5,"gamma_beasts:fur":23,"minecraft:diamond_sword":1,"minecraft:lead":2,"minecraft:enchanted_book":6,"minecraft:wither_rose":2,"minecraft:potion":4,"minecraft:stone_brick_stairs":2,"iceandfire:manuscript":36,"minecraft:string":107,"minecraft:raw_copper":42,"minecraft:experience_bottle":1,"minecraft:beetroot":1,"minecraft:bucket":1,"moonsweaponry:iron_greatsword":2,"minecraft:iron_pickaxe":8,"minecraft:melon_slice":102,"minecraft:furnace":5,"minecraft:iron_boots":2,"minecraft:golden_helmet":4,"gamma_beasts:jungle_leaf":18,"minecraft:stick":60,"iceandfire:ghost_chest":3,"minecraft:torch":41,"minecraft:acacia_log":6,"iceandfire:myrmex_resin_sticky_jungle":1,"minecraft:porkchop":6,"minecraft:dried_kelp":18,"minecraft:golden_axe":1,"iceandfire:rotten_egg":2,"minecraft:pointed_dripstone":31,"minecraft:diorite":6,"iceandfire:lightning_lily":1,"minecraft:stone_sword":6,"minecraft:rotten_flesh":107,"gamma_beasts:kiwi":10,"gamma_beasts:coal_nugget":11,"alexsmobs:emu_egg":1,"minecraft:iron_bars":28,"alexsmobs:flying_fish":3,"minecraft:cobblestone":398,"minecraft:leather_chestplate":2,"minecraft:feather":4,"minecraft:cooked_beef":1,"minecraft:water_bucket":1,"minecraft:jungle_log":1,"minecraft:golden_leggings":2,"minecraft:dark_oak_boat":2,"minecraft:potato":44,"minecraft:flint":4,"gamma_beasts:oak_leaf":8,"minecraft:lapis_lazuli":21,"minecraft:dirt":63,"minecraft:twisting_vines":1,"minecraft:leather_boots":5,"minecraft:bone":190,"minecraft:acacia_planks":15,"iceandfire:myrmex_jungle_resin":21,"minecraft:bow":10,"minecraft:wheat_seeds":41,"minecraft:mossy_stone_bricks":33,"minecraft:stone_hoe":2,"minecraft:oak_planks":88,"minecraft:mossy_stone_brick_stairs":4,"minecraft:warped_wart_block":1,"minecraft:oak_pressure_plate":1,"minecraft:sand":1,"minecraft:nether_brick_stairs":4,"sophisticatedbackpacks:iron_backpack":1,"minecraft:diamond_block":1,"minecraft:dark_oak_log":6,"minecraft:mossy_cobblestone":8,"iceandfire:chared_cobblestone":2,"minecraft:sugar":2,"minecraft:diamond":4,"minecraft:deepslate":6,"minecraft:cracked_polished_blackstone_bricks":7,"minecraft:crossbow":3,"minecraft:granite":2,"minecraft:golden_apple":3,"moonsweaponry:wooden_greatsword":5,"minecraft:emerald":22,"iceandfire:gorgon_head":1,"iceandfire:myrmex_jungle_biolight":2,"minecraft:bread":39,"minecraft:chainmail_helmet":3,"alexsmobs:maggot":1,"minecraft:netherrack":90,"iceandfire:raw_silver":6,"minecraft:diamond_pickaxe":1,"iceandfire:dragon_skull_lightning":2,"minecraft:crafting_table":7,"iceandfire:witherbone":5,"minecraft:chicken":11,"minecraft:golden_pickaxe":1,"minecraft:leather_leggings":4,"minecraft:brown_mushroom":3,"minecraft:wooden_pickaxe":8,"minecraft:shield":21,"minecraft:red_bed":4,"gamma_beasts:acacia_leaf":8,"minecraft:compass":1,"minecraft:iron_shovel":8,"minecraft:blackstone":1,"iceandfire:bestiary":1,"iceandfire:graveyard_soil":2,"minecraft:cracked_stone_bricks":12,"moonsweaponry:diamond_greatsword":7,"minecraft:beef":9,"alexsmobs:cooked_lobster_tail":1,"gamma_beasts:lemon":34,"minecraft:raw_iron":30,"minecraft:stone":2,"minecraft:copper_ingot":2,"minecraft:polished_blackstone_bricks":13,"minecraft:carrot":22,"minecraft:redstone":40,"moonsweaponry:stone_greatsword":3,"minecraft:dark_oak_planks":14,"minecraft:tnt":6,"iceandfire:silver_ingot":6,"minecraft:arrow":27,"minecraft:stone_shovel":1,"minecraft:nether_bricks":6,"minecraft:hay_block":20,"minecraft:gold_ingot":2,"minecraft:mutton":2,"minecraft:white_wool":8,"minecraft:bone_block":10,"minecraft:clock":3,"minecraft:leather":2,"gamma_beasts:bird_thigh":4,"minecraft:birch_planks":3,"minecraft:torchflower":2,"minecraft:crimson_fungus":1,"gamma_beasts:green_apple":37,"minecraft:oak_log":5,"minecraft:chainmail_chestplate":1,"iceandfire:ectoplasm":2,"minecraft:golden_boots":4,"minecraft:gunpowder":12,"iceandfire:armor_copper_metal_helmet":1,"iceandfire:myrmex_resin_jungle":3,"minecraft:wooden_hoe":1,"minecraft:paper":11,"minecraft:white_banner":3,"minecraft:cooked_mutton":15,"minecraft:stone_bricks":22,"minecraft:kelp":107,"gamma_beasts:meat":4,"minecraft:warped_stem":6,"minecraft:iron_ingot":65,"minecraft:stone_pickaxe":4,"minecraft:cooked_chicken":8,"minecraft:glass_bottle":3,"minecraft:acacia_sapling":1,"minecraft:warped_fungus":1,"minecraft:stone_brick_slab":2,"minecraft:quartz":2,"minecraft:dripstone_block":3,"minecraft:gravel":1,"minecraft:white_bed":7,"minecraft:spider_eye":2,"minecraft:leather_helmet":4,"alexsmobs:raw_catfish":1,"minecraft:stone_axe":8,"iceandfire:silver_sword":2,"minecraft:chainmail_leggings":1,"minecraft:iron_helmet":6,"minecraft:mossy_cobblestone_stairs":14,"minecraft:warped_roots":2,"minecraft:black_wool":2,"minecraft:coal":86,"minecraft:ender_pearl":2},"minecraft:mined":{"gamma_beasts:roble_hoja_1":5,"minecraft:white_bed":4,"iceandfire:graveyard_soil":1,"gamma_beasts:jungla_hoja_1":12,"minecraft:sculk_vein":1,"minecraft:jungle_leaves":5,"minecraft:brewing_stand":1,"minecraft:acacia_log":7,"minecraft:grass_block":39,"minecraft:jungle_log":1,"minecraft:cracked_polished_blackstone_bricks":8,"minecraft:oak_pressure_plate":1,"minecraft:spawner":20,"minecraft:tall_seagrass":2,"minecraft:polished_blackstone_bricks":18,"minecraft:mossy_cobblestone_stairs":2,"minecraft:iron_ore":29,"minecraft:fire":19,"minecraft:nether_brick_stairs":1,"minecraft:iron_bars":11,"iceandfire:chared_cobblestone":4,"minecraft:brown_mushroom":1,"minecraft:quartz_block":1,"minecraft:red_bed":3,"gamma_beasts:jungla_hoja":9,"minecraft:kelp_plant":12,"iceandfire:myrmex_resin_jungle":3,"minecraft:melon":11,"iceandfire:ghost_chest":2,"minecraft:nether_quartz_ore":2,"minecraft:cobblestone":23,"minecraft:oak_planks":5,"minecraft:wall_torch":2,"minecraft:seagrass":2,"minecraft:warped_nylium":28,"minecraft:stone_brick_stairs":2,"minecraft:wither_rose":2,"minecraft:grass":133,"minecraft:oak_log":5,"minecraft:beetroots":1,"minecraft:sand":1,"minecraft:dirt":24,"minecraft:netherrack":69,"minecraft:oak_leaves":6,"iceandfire:chared_stone":4,"iceandfire:lightning_lily":1,"iceandfire:silver_ore":5,"minecraft:mossy_cobblestone":5,"gamma_beasts:roblo_hoja":12,"minecraft:nether_bricks":4,"minecraft:redstone_wire":9,"minecraft:kelp":3,"minecraft:hay_block":22,"minecraft:furnace":2,"minecraft:carrots":4,"minecraft:mossy_stone_brick_stairs":2,"gamma_beasts:acacia_hoja":5,"minecraft:potatoes":2,"minecraft:vine":18,"minecraft:warped_stem":6,"iceandfire:myrmex_resin_sticky_jungle":2,"minecraft:stone":131,"minecraft:bone_block":10,"minecraft:white_wool":5,"minecraft:acacia_leaves":1,"minecraft:stone_brick_slab":2,"minecraft:crafting_table":5,"gamma_beasts:acacia_hoja_1":8,"minecraft:emerald_ore":2,"minecraft:tall_grass":17,"minecraft:copper_ore":14,"minecraft:diorite":3,"minecraft:warped_wart_block":1,"minecraft:torchflower":1,"minecraft:birch_leaves":1,"minecraft:coal_ore":39,"minecraft:dripstone_block":1,"minecraft:cracked_stone_bricks":9,"minecraft:stone_bricks":6,"minecraft:mossy_stone_bricks":14,"minecraft:fern":1},"minecraft:dropped":{"minecraft:porkchop":2,"minecraft:oak_pressure_plate":1,"minecraft:glass_bottle":2,"minecraft:diamond":5,"minecraft:cracked_stone_bricks":3,"iceandfire:gorgon_head":1,"minecraft:leather_helmet":2,"minecraft:emerald":1,"alexsmobs:flying_fish":1,"minecraft:rotten_flesh":1,"minecraft:oak_planks":1,"gamma_beasts:kiwi":4,"minecraft:warped_planks":14,"minecraft:leather_chestplate":1,"minecraft:leather_boots":2,"minecraft:chainmail_boots":1,"iceandfire:bestiary":1,"minecraft:iron_bars":7,"minecraft:beef":3,"gamma_beasts:fur":6,"minecraft:netherrack":51,"iceandfire:silver_pickaxe":1,"minecraft:golden_boots":1,"minecraft:iron_ingot":9,"minecraft:wheat_seeds":11,"minecraft:golden_helmet":1,"minecraft:granite":2,"minecraft:chainmail_helmet":1,"minecraft:golden_apple":3,"minecraft:stick":6,"iceandfire:silver_sword":2,"minecraft:melon_slice":19,"minecraft:potion":2,"minecraft:string":1,"minecraft:furnace":3,"minecraft:chicken":2,"gamma_beasts:green_apple":8,"minecraft:diamond_sword":1,"gamma_beasts:meat":2,"minecraft:stone":1,"minecraft:shield":2,"iceandfire:copper_sword":1,"minecraft:golden_leggings":1,"moonsweaponry:stone_greatsword":1,"gamma_beasts:jungle_leaf":6},"minecraft:crafted":{"minecraft:oak_planks":40,"minecraft:dark_oak_boat":2,"moonsweaponry:diamond_greatsword":1,"minecraft:cooked_mutton":3,"minecraft:warped_planks":24,"minecraft:bow":1,"minecraft:chest":3,"minecraft:wooden_shovel":1,"minecraft:cooked_porkchop":3,"minecraft:crafting_table":6,"minecraft:wooden_pickaxe":1,"minecraft:iron_helmet":1,"moonsweaponry:iron_greatsword":1,"minecraft:stick":32,"minecraft:iron_ingot":23,"minecraft:iron_pickaxe":1,"minecraft:stone_sword":2,"minecraft:wooden_sword":1,"minecraft:stone_shovel":1,"minecraft:furnace":1,"minecraft:diamond":9,"minecraft:stone_pickaxe":2,"minecraft:dark_oak_planks":24,"moonsweaponry:wooden_greatsword":1,"minecraft:wheat":180,"alexsmobs:cooked_lobster_tail":2,"minecraft:dried_kelp":20,"minecraft:bucket":2,"minecraft:bread":39,"minecraft:air":0,"minecraft:jungle_planks":4,"minecraft:iron_leggings":1,"minecraft:white_bed":3,"minecraft:acacia_planks":24,"minecraft:torch":28,"iceandfire:silver_pickaxe":1},"minecraft:killed":{"alexsmobs:hummingbird":1,"minecraft:cave_spider":1,"minecraft:witch":1,"iceandfire:gorgon":1,"minecraft:spider":18,"gamma_beasts:radioactive_bear_a":1,"minecraft:skeleton":20,"gamma_beasts:crasu_c":1,"minecraft:chicken":3,"gamma_beasts:diamond_golem_c":1,"minecraft:piglin_brute":1,"minecraft:pig":2,"minecraft:creeper":7,"gamma_beasts:radioactive_bear_c":1,"minecraft:sheep":1,"minecraft:pillager":13,"minecraft:zombie":54,"gamma_beasts:crasu_a":1,"minecraft:stray":4,"alexsmobs:fly":1,"minecraft:cow":1,"alexsmobs:bison":1,"alexsmobs:flying_fish":1,"alexsmobs:emu":1,"gamma_beasts:diamond_golem_a":2,"alexsmobs:catfish":1,"iceandfire:ghost":1,"minecraft:wither_skeleton":14,"fear_of_the_abyss:unknown":4},"minecraft:used":{"moonsweaponry:diamond_greatsword":419,"minecraft:beetroot":1,"minecraft:iron_shovel":2,"minecraft:chest":2,"minecraft:shield":198,"minecraft:rotten_flesh":31,"minecraft:carrot":19,"minecraft:obsidian":2,"alexsmobs:cooked_lobster_tail":1,"iceandfire:ghost_chest":1,"minecraft:bow":29,"minecraft:dark_oak_boat":1,"minecraft:furnace":2,"minecraft:potato":17,"minecraft:mossy_stone_bricks":5,"minecraft:stone_pickaxe":248,"minecraft:oak_planks":60,"minecraft:wooden_pickaxe":52,"minecraft:golden_apple":3,"minecraft:dripstone_block":1,"gamma_beasts:kiwi":6,"moonsweaponry:wooden_greatsword":90,"minecraft:melon_slice":46,"minecraft:bread":30,"iceandfire:chared_cobblestone":2,"gamma_beasts:bird_thigh":2,"minecraft:wooden_sword":1,"minecraft:chainmail_boots":1,"gamma_beasts:lemon":17,"minecraft:experience_bottle":1,"minecraft:stone_sword":105,"minecraft:flint_and_steel":1,"minecraft:stone_shovel":40,"minecraft:dried_kelp":20,"gamma_beasts:green_apple":32,"minecraft:wooden_shovel":21,"minecraft:cooked_chicken":4,"minecraft:netherrack":39,"minecraft:torch":47,"minecraft:dirt":22,"iceandfire:copper_sword":117,"minecraft:chainmail_chestplate":1,"minecraft:mossy_cobblestone_stairs":2,"minecraft:stone_brick_slab":2,"moonsweaponry:iron_greatsword":239,"minecraft:iron_boots":1,"moonsweaponry:stone_greatsword":136,"minecraft:beef":1,"minecraft:cooked_beef":1,"minecraft:cooked_mutton":6,"minecraft:water_bucket":9,"minecraft:cracked_stone_bricks":5,"minecraft:mossy_cobblestone":2,"minecraft:crafting_table":14,"minecraft:red_bed":3,"minecraft:white_bed":7,"alexsmobs:flying_fish":1,"minecraft:diamond_pickaxe":43,"minecraft:cracked_polished_blackstone_bricks":4,"minecraft:chicken":1,"minecraft:iron_pickaxe":169,"minecraft:stone_axe":29,"minecraft:cobblestone":64,"minecraft:potion":5,"minecraft:cooked_porkchop":3,"minecraft:porkchop":1,"minecraft:bucket":8},"minecraft:broken":{"minecraft:golden_helmet":1,"minecraft:leather_leggings":1,"moonsweaponry:wooden_greatsword":1,"minecraft:chainmail_boots":1,"minecraft:stone_pickaxe":1,"minecraft:chainmail_chestplate":1,"minecraft:shield":1,"moonsweaponry:stone_greatsword":1},"minecraft:killed_by":{"minecraft:wither_skeleton":1,"minecraft:piglin_brute":2,"alexsmobs:emu":1,"minecraft:zombie":4,"gamma_beasts:diamond_golem_a":1,"fear_of_the_abyss:unknown":1,"iceandfire:fire_dragon":3,"minecraft:player":1,"iceandfire:gorgon":4,"minecraft:skeleton":1}},"DataVersion":3465}